"id","group_id","group_name","customer_group_id","customer_group_name","name","company","vat_no","address","city","state","postal_code","country","phone","email","cf1","cf2","cf3","cf4","cf5","cf6","invoice_footer","payment_term","logo","award_points","deposit_amount","price_group_id","price_group_name","email_footer"
"256","3","customer","1","General","PUTRA SURYA","PUTRA SURYA",,"TEMANGGUNG","JAWA TENGAH",,,,"-","noemail@domain.com",,,,,,,NULL,"0","logo.png","0",NULL,"1","Default","email_footer2"
"512","3","customer","1","General","HDS","HDS - P BUN",,"KOMP TOKO PASAR BARU, PANGKALANBUN"," KALIMANTAN","(006)",,,"085348671424","noemail@domain.com",,,,,,,NULL,"0","logo.png","0",NULL,"1","Default","email_footer3"
"257","3","customer","1","General","( DIAH  ) TOKO PARAGON","TOKO PARAGON",,"TIMIKA","-","(SALES BENNY)",,,"-","noemail@domain.com",,,,,,,NULL,"0","logo.png","0",NULL,"1","Default","email_footer2"
"258","3","customer","1","General","( YUN ) LELE MANGARA","LELE MANGARA",,"BAU BAU","SULAWESI",,,,"-","noemail@domain.com",,,,,,,NULL,"0","logo.png","0",NULL,"1","Default","email_footer4"
"514","3","customer","1","General","BELLIO","BELLIO AMBULU",,"AMBULU, JEMBER","JAWA TIMUR","(006)",,,"085108568900","noemail@domain.com",,,,,,,NULL,"0","logo.png","0",NULL,"1","Default","email_footer2"
"259","3","customer","1","General","( RAHMAD ) RAHMAD MERA","RAHMAD MERA",,"JEMBATAN BATU","BAU BAU",,,,"-","noemail@domain.com",,,,,,,NULL,"0","logo.png","0",NULL,"1","Default","email_footer1"
"261","3","customer","1","General","DIAMOND","DIAMOND",,"KENDARI","SULAWESI",,,,"-","noemail@domain.com",,,,,,,NULL,"0","logo.png","0",NULL,"1","Default","email_footer1"
"517","3","customer","1","General","BUMI RAYA","ASIANG (BUMI RAYA -PALEMBANG)",,"PALEMBANG","SUMATRA",,,,"-","noemail@domain.com",,,,,,,NULL,"0","logo.png","0",NULL,"1","Default","email_footer2"
"262","3","customer","1","General","SUKIRMAN","SUKIRMAN",,"KENDARI","SULAWESI",,,,"-","noemail@domain.com",,,,,,,NULL,"0","logo.png","0",NULL,"1","Default","email_footer4"
"518","3","customer","1","General","ADI- APK MERAUKE","ADI - APK MERAUKE",,"MERAUKE","PAPUA","(006)",,,"08223333686","noemail@domain.com",,,,,,,NULL,"0","logo.png","0",NULL,"1","Default","email_footer2"
"263","3","customer","1","General","YAYAT","YAYAT",,"PASAR WAMEO- BAU BAU","SULAWESI",,,,"081270293510","noemail@domain.com",,,,,,,NULL,"0","logo.png","0",NULL,"1","Default","email_footer4"
"519","3","customer","1","General","BP.HENKY S","BP.HENKY S",,"JL.BABATAN PANTAI BRT 4/55 (MASUK KENJERAN LAMA)","SURABAYA, JATIM",,,,"085338889990","noemail@domain.com",,,,,,,NULL,"0","logo.png","0",NULL,"1","Default","email_footer1"
"520","3","customer","1","General","HASAN","HASAN (MLM)",,"SIDOARJO","JAWA TIMUR",,,,"-","noemail@domain.com",,,,,,,NULL,"0","logo.png","0",NULL,"1","Default","email_footer2"
"521","3","customer","1","General","LODI KARYA (WARIS)","LODI KARYA (WARIS)",,"JL.BRAWIJAYA RUKO 9, LOMBOK","NTB",,,,"081239303878","noemail@domain.com",,,,,,,NULL,"0","logo.png","0",NULL,"1","Default","email_footer2"
"522","3","customer","1","General","TOKO RAME JAYA","TOKO RAME JAYA-RAMBIPUJI",,"JL.GAJAHMADA 57 RAMBIPUJI, JEMBER","JAWA TIMUR","(006)",,,"081249287667","noemail@domain.com",,,,,,,NULL,"0","logo.png","0",NULL,"1","Default","email_footer2"
"523","3","customer","1","General","SMAG","SMAG- KENDARI",,"KENDARI","SULAWESI","(006)",,,"-","noemail@domain.com",,,,,,,NULL,"0","logo.png","0",NULL,"1","Default","email_footer4"
"524","3","customer","1","General","TOKO SEDERHANA","TOKO SEDERHANA -CIK MIN",,"JL.BUBUTAM 143C (BELK PMK) , SURABAYA","JAWA TIMUR","(006)",,,"08121761327","noemail@domain.com",,,,,,,NULL,"0","logo.png","0",NULL,"1","Default","email_footer2"
"269","3","customer","1","General","( EB ) JAYA KENCANA","JAYA KENCANA",,"MANADO","SULAWESI",,,,"-","noemail@domain.com",,,,,,,NULL,"0","logo.png","0",NULL,"1","Default","email_footer4"
"525","3","customer","1","General","TOKO SAMA JAYA","TOKO SAMA JAYA",,"GORONTALO","SULAWESI",,,,"-","noemail@domain.com",,,,,,,NULL,"0","logo.png","0",NULL,"1","Default","email_footer4"
"270","3","customer","1","General","( PUTRI ) TOKO NUR","TOKO NUR",,"MANOKWARI","PAPUA",,,,"-","noemail@domain.com",,,,,,,NULL,"0","logo.png","0",NULL,"1","Default","email_footer2"
"526","3","customer","1","General","TOKO JAYA RAYA","TOKO JAYA RAYA -BWI",,"JL.SUSUIT TUBUN NO.15, BANYUWANGI","JAWA TIMUR","(006)",,,"-","noemail@domain.com",,,,,,,NULL,"0","logo.png","0",NULL,"1","Default","email_footer2"
"272","3","customer","1","General","ARTA SHOP","ARTA SHOP",,"JL. PANGLIMA SUDIRMAN 80 A BATU","JAWA TIMUR",,,,"-","noemail@domain.com",,,,,,,NULL,"0","logo.png","0",NULL,"1","Default","email_footer1"
"528","3","customer","1","General","TOKO ZAINAB (TAB)","TOKO ZAINAB (TAB)",,"JL.IMAM BONJO N0.144 B, GORONTALO","SULAWESI",,,,"-","noemail@domain.com",,,,,,,NULL,"0","logo.png","0",NULL,"1","Default","email_footer4"
"273","3","customer","1","General","SUPRI","SUPRI",,"MANADO","SULAWESI",,,,"-","noemail@domain.com",,,,,,,NULL,"0","logo.png","0",NULL,"1","Default","email_footer4"
"529","3","customer","1","General","BANGUN JAYA-RAHA","BANGUN JAYA-RAHA",,"RAHA","SULAWESI","(006)",,,"-","noemail@domain.com",,,,,,,NULL,"0","logo.png","0",NULL,"1","Default","email_footer4"
"274","3","customer","1","General","( MR ) MURAH REJEKI","MURAH REJEKI",,"PANGKALAN BUN","KALIMANTAN",,,,"-","noemail@domain.com",,,,,,,NULL,"0","logo.png","0",NULL,"1","Default","email_footer3"
"530","3","customer","1","General","NIK SHOP","NIK SHOP",,"PLOSO TIMUR X A / 37, SURABAYA","JAWA TIMUR",,,,"081330660996 (KEVIN)","noemail@domain.com",,,,,,,NULL,"0","logo.png","0",NULL,"1","Default","email_footer2"
"531","3","customer","1","General","UDM","UDM - BAUBAU",,"BAU BAU","SULAWESI","(006)",,,"082187376242 ( ITHIN","noemail@domain.com",,,,,,,NULL,"0","logo.png","0",NULL,"1","Default","email_footer4"
"276","3","customer","1","General","AMI-TIMIKA","HBO (AMI)",,"TIMIKA","PAPUA",,,,"-","noemail@domain.com",,,,,,,NULL,"0","logo.png","0",NULL,"1","Default","email_footer2"
"532","3","customer","1","General","MINAN - BANGGAI","MINAN - BANGGAI",,"BANGGAI","SULAWESI","(006)",,,"081245115535 (PAK JO","noemail@domain.com",,,,,,,NULL,"0","logo.png","0",NULL,"1","Default","email_footer4"
"277","3","customer","1","General","( NN/HBA ) BENTENG JAYA","( NN/HBA ) BENTENG JAYA",,"SAMARINDA","KALIMANTAN",,,,"-","noemail@domain.com",,,,,,,NULL,"0","logo.png","0",NULL,"1","Default","email_footer3"
"533","3","customer","1","General","PASIPA RAYA","PASIPA RAYA -BAUBAU",,"BAU BAU","SULAWESI","(006)",,,"085241772515 (RAHMAT","noemail@domain.com",,,,,,,NULL,"0","logo.png","0",NULL,"1","Default","email_footer4"
"278","3","customer","1","General","CITRA SURYA","CITRA SURYA",,"JAKARTA",,,,,"-",,,,,,,,NULL,"0","logo.png","0",NULL,"1","Default","email_footer1"
"534","3","customer","1","General","MEGA LUHUR","MEGA LUHUR",,"SITUBONDO","JAWA TIMUR","(006)",,,"-","noemail@domain.com",,,,,,,NULL,"0","logo.png","0",NULL,"1","Default","email_footer2"
"23","3","customer","1","General","PAWAN JAYA","PAWAN JAYA",,"PONTIANAK","KALIMANTAN",,,,"-","noemail@domain.com",,,,,,,NULL,"0","logo.png","0",NULL,"1","Default","email_footer3"
"279","3","customer","1","General","PENDIK","PENDIK",,"-","SURABAYA",,,,"-","noemail@domain.com",,,,,,,NULL,"0","logo.png","0",NULL,"1","Default","email_footer2"
"535","3","customer","1","General","BINTANG JAYA","BINTANG JAYA-ASEMBAGUS",,"ASEMBAGUS","JAWA TIMUR","(006)",,,"-","noemail@domain.com",,,,,,,NULL,"0","logo.png","0",NULL,"1","Default","email_footer2"
"24","3","customer","1","General","( EJHON ) HIDAYAH PLASTIK","HIDAYAH PLASTIK",,"PANGKALANBUN","KALIMANTAN",,,,"-","noemail@domain.com",,,,,,,NULL,"0","logo.png","0",NULL,"1","Default","email_footer3"
"280","3","customer","1","General","MITRA LANGGENG MAKMUR","MITRA LANGGENG MAKMUR",,"SURABAYA","JAWA TIMUR",,,,"-",,,,,,,,NULL,"0","logo.png","0",NULL,"1","Default","email_footer1"
"536","3","customer","1","General","HIKMAH","HIKMAH-PMK",,"PAMEKASAN","JAWA TIMUR","(006)",,,"085204976808","noemail@domain.com",,,,,,,NULL,"0","logo.png","0",NULL,"1","Default","email_footer2"
"25","3","customer","1","General","TAMAN RATU","TAMAN RATU",,"PANGKALAN BUN","KALIMANTAN",,,,"-","noemail@domain.com",,,,,,,NULL,"0","logo.png","0",NULL,"1","Default","email_footer3"
"281","3","customer","1","General","WILLIAM","WEWE",,"BUKIT PALMA BLOK C4 NO 12","SURABAYA",,,,"081357666627","noemail@domain.com",,,,,,,NULL,"0","logo.png","0",NULL,"1","Default","email_footer2"
"537","3","customer","1","General","WITRA ( HJ. SUPIAN ADI )","WITRA - BJM (H.SUPIAN)",,"AMUNTAI, BANJARMASIN","KALIMANTAN","(006)",,,"085249175133","noemail@domain.com",,,,,,,NULL,"0","logo.png","0",NULL,"1","Default","email_footer3"
"26","3","customer","1","General","PERNAK PERNIK","PERNAK PERNIK",,"PANGKALAN BUN","KALIMANTAN",,,,"-","noemail@domain.com",,,,,,,NULL,"0","logo.png","0",NULL,"1","Default","email_footer3"
"282","3","customer","1","General","KARYA WIRA","KARYA WIRA",,,"SURABAYA",,,,"-",,,,,,,,NULL,"0","logo.png","0",NULL,"1","Default","email_footer1"
"538","3","customer","1","General","BP.AGUS","BP.AGUS - LAMONGAN",,"LAMONGAN","JAWA TIMUR","(006)",,,"-","noemail@domain.com",,,,,,,NULL,"0","logo.png","0",NULL,"1","Default","email_footer2"
"27","3","customer","1","General","( KEN )  BUDI AGUNG","BUDI AGUNG",,"SAMPIT","KALIMANTAN",,,,"-","noemail@domain.com",,,,,,,NULL,"0","logo.png","0",NULL,"1","Default","email_footer3"
"283","3","customer","1","General","TH SORONG","TH",,"SORONG","PAPUA",,,,"-","noemail@domain.com",,,,,,,NULL,"0","logo.png","0",NULL,"1","Default","email_footer2"
"539","3","customer","1","General","HAPPYNES SHOP (MUKHLIS)","HAPPYNES SHOP (MUKHLIS)",,"JL. DESA BETELEME MOROWALI, PALU","SULAWESI",,,,"-","noemail@domain.com",,,,,,,NULL,"0","logo.png","0",NULL,"1","Default","email_footer4"
"28","3","customer","1","General","SS ( JAYA UTAMA )","JAYA UTAMA",,"SAMPIT","KALIMANTAN",,,,"-","noemail@domain.com",,,,,,,NULL,"0","logo.png","0",NULL,"1","Default","email_footer3"
"284","3","customer","1","General","TUNAS MASALOKA","TUNAS MASALOKA",,"BAU BAU","SULAWESI",,,,"-","noemail@domain.com",,,,,,,NULL,"0","logo.png","0",NULL,"1","Default","email_footer4"
"540","3","customer","1","General","BARU -BENCULUK","BARU - BENCULUK",,"BANYUWANGI","JAWA TIMUR","(006)",,,"081336333077 (NANANG","noemail@domain.com",,,,,,,NULL,"0","logo.png","0",NULL,"1","Default","email_footer2"
"29","3","customer","1","General","OMEGA","OMEGA",,"SAMPIT","KALIMANTAN",,,,"-","noemail@domain.com",,,,,,,NULL,"0","logo.png","0",NULL,"1","Default","email_footer3"
"285","3","customer","1","General","TK.SURYA ABADI","TK.SURYA ABADI",,"DOHO 43","KEDIRI, JAWA TIMUR",,,,"-","noemail@domain.com",,,,,,,NULL,"0","logo.png","0",NULL,"1","Default","email_footer2"
"30","3","customer","1","General","( HOKKY )  HOKKY OMEGA","HOKKY OMEGA (TIDAK DIPAKAI)",,"SAMPIT","KALIMANTAN",,,,"-","noemail@domain.com",,,,,,,NULL,"0","logo.png","0",NULL,"1","Default","email_footer3"
"286","3","customer","1","General","YAN","YAN",,"AMBON","SULAWESI",,,,"-","noemail@domain.com",,,,,,,NULL,"0","logo.png","0",NULL,"1","Default","email_footer4"
"31","3","customer","1","General","( KKH )  USAHA MAKMUR ","USAHA MAKMUR",,"SAMPIT","KALIMANTAN",,,,"-","noemail@domain.com",,,,,,,NULL,"0","logo.png","0",NULL,"1","Default","email_footer1"
"287","3","customer","1","General","TOKO AA","TOKO AA",,"BANGKALAN","MADURA",,,,"-","noemail@domain.com",,,,,,,NULL,"0","logo.png","0",NULL,"1","Default","email_footer2"
"32","3","customer","1","General","SERBU 5000","SERBU 5000",,"PALANGKARAYA","KALIMANTAN",,,,"-","noemail@domain.com",,,,,,,NULL,"0","logo.png","0",NULL,"1","Default","email_footer3"
"288","3","customer","1","General","HJ SYAMSU","HJ SYAMSU",,"BANGKALAN","MADURA",,,,"-","noemail@domain.com",,,,,,,NULL,"0","logo.png","0",NULL,"1","Default","email_footer2"
"544","3","customer","1","General","WIRA ","WIRA - BANJAR BARU",,"BANJAR BARU","KALIMANTAN",,,,"08125041279 ( CIK SU","noemail@domain.com",,,,,,,NULL,"0","logo.png","0",NULL,"1","Default","email_footer3"
"33","3","customer","1","General","( KU ) SUMBER PLASTIK","SUMBER PLASTIK",,"BANJARMASIN","KALIMANTAN",,,,"-","noemail@domain.com",,,,,,,NULL,"0","logo.png","0",NULL,"1","Default","email_footer3"
"289","3","customer","1","General","GG TIMIKA","GG TIMIKA",,"TIMIKA","PAPUA",,,,"-","noemail@domain.com",,,,,,,NULL,"0","logo.png","0",NULL,"1","Default","email_footer2"
"34","3","customer","1","General","( BA ) BALI ABADI","BALI ABADI",,"BANJARMASIN","KALIMANTAN",,,,"-","noemail@domain.com",,,,,,,NULL,"0","logo.png","0",NULL,"1","Default","email_footer3"
"546","3","customer","1","General","TK MEKAR KENCANA","TK MEKAR KENCANA- BITUNG",,"BITUNG","SULAWESI","(006)",,,"085399300588 (STANLE","noemail@domain.com",,,,,,,NULL,"0","logo.png","0",NULL,"1","Default","email_footer4"
"35","3","customer","1","General","( KJI ) KERTAJAYA INDAH","KERTAJAYA INDAH",,"BANJARMASIN","KALIMANTAN",,,,"-","noemail@domain.com",,,,,,,NULL,"0","logo.png","0",NULL,"1","Default","email_footer3"
"291","3","customer","1","General","HOKI JAYAPURA","HOKIMART",,"-","JAYAPURA",,,,"-","noemail@domain.com",,,,,,,NULL,"0","logo.png","0",NULL,"1","Default","email_footer2"
"36","3","customer","1","General","SARANA JAYA PLASTIK","SARANA JAYA PLASTIK",,"BANJARMASIN","KALIMANTAN",,,,"-","noemail@domain.com",,,,,,,NULL,"0","logo.png","0",NULL,"1","Default","email_footer6"
"292","3","customer","1","General","( KJ ) KHAERUL JAYA","(KJ) KHAERUL JAYA",,"KENDARI ","SULAWESI",,,,"-","noemail@domain.com",,,,,,,NULL,"0","logo.png","0",NULL,"1","Default","email_footer4"
"548","3","customer","1","General","AL - TARAKAN ","AL - TARAKAN ",,"TARAKAN","KALIMANTAN",,,,"-","noemail@domain.com",,,,,,,NULL,"0","logo.png","0",NULL,"1","Default","email_footer3"
"37","3","customer","1","General","( KR ) KODIR","KODIR",,"BANJARMASIN","KALIMANTAN",,,,"-","noemail@domain.com",,,,,,,NULL,"0","logo.png","0",NULL,"1","Default","email_footer3"
"293","3","customer","1","General","TOKO PUTRI","TOKO PUTRI",,"BAU BAU","SULAWESI",,,,"-","noemail@domain.com",,,,,,,NULL,"0","logo.png","0",NULL,"1","Default","email_footer4"
"549","3","customer","1","General","CIPTA - GRESIK","CIPTA - GRESIK",,"PERTOKOAN RK PERMATASARI VII, RY BATU MULYA KOTABARUU","GRESIK",,,,"081310073387","noemail@domain.com",,,,,,,NULL,"0","logo.png","0",NULL,"1","Default","email_footer2"
"38","3","customer","1","General","( UDIN ) MAKMUR","MAKMUR (UDIN)",,"BANJARMASIN","KALIMANTAN",,,,"-","noemail@domain.com",,,,,,,NULL,"0","logo.png","0",NULL,"1","Default","email_footer3"
"294","3","customer","1","General","ARFAN","ARFAN",,"BAU BAU","SULAWESI",,,,"-","noemail@domain.com",,,,,,,NULL,"0","logo.png","0",NULL,"1","Default","email_footer4"
"39","3","customer","1","General","( NUR ) RIDHO ","RIDHO",,"TARAKAN","KALIMANTAN",,,,"-","noemail@domain.com",,,,,,,NULL,"0","logo.png","0",NULL,"1","Default","email_footer1"
"295","3","customer","1","General","( IWAN ) RSL","RSL",,"BAU BAU","SULAWESI",,,,"-","noemail@domain.com",,,,,,,NULL,"0","logo.png","0",NULL,"1","Default","email_footer4"
"551","3","customer","1","General","SEMARANG SAKTI","SEMARANG SAKTI - SAMPIT",,"SAMPIT","KALIMANTAN","(006)",,,"082354463611 (UDIN)","noemail@domain.com",,,,,,,NULL,"0","logo.png","0",NULL,"1","Default","email_footer3"
"40","3","customer","1","General","IKHTIAR","IKHTIAR",,"TARAKAN","KALIMANTAN",,,,"-","noemail@domain.com",,,,,,,NULL,"0","logo.png","0",NULL,"1","Default","email_footer3"
"296","3","customer","1","General","BEKO","BEKO -DONGGALA",,"JL. NUBURI NO 15 DONGGALA-PALU","SULAWESI","(SALES BENNY)",,,"08134102900","noemail@domain.com",,,,,,,NULL,"0","logo.png","0",NULL,"1","Default","email_footer4"
"41","3","customer","1","General","( ES4 )  BAROKAH","BAROKAH (ES4)",,"TARAKAN","KALIMANTAN",,,,"-","noemail@domain.com",,,,,,,NULL,"0","logo.png","0",NULL,"1","Default","email_footer3"
"297","3","customer","1","General","LAIJI","LAIJI",,"AMBON","SULAWESI",,,,"-","noemail@domain.com",,,,,,,NULL,"0","logo.png","0",NULL,"1","Default","email_footer4"
"553","3","customer","1","General","(GP) GUDANG PLASTIK","GUDANG PLASTIK",,"GORONTALO","SULAWESI",,,,"-","noemail@domain.com",,,,,,,NULL,"0","logo.png","0",NULL,"1","Default","email_footer4"
"42","3","customer","1","General","( LKS ) LENI JAYA","LENI JAYA",,"TARAKAN","KALIMANTAN",,,,"-","noemail@domain.com",,,,,,,NULL,"0","logo.png","0",NULL,"1","Default","email_footer3"
"298","3","customer","1","General","WM ( WIJAYA MAKMUR )","WIJAYA MAKMUR",,"SURABAYA","-",,,,"-","noemail@domain.com",,,,,,,NULL,"0","logo.png","0",NULL,"1","Default","email_footer2"
"554","3","customer","1","General","DELTA","DELTA = CAHAYA AGUNG",,"JLN. PANJAITAN 4, MANADO","SULAWESI",,,,"-","noemail@domain.com",,,,,,,NULL,"0","logo.png","0",NULL,"1","Default","email_footer4"
"43","3","customer","1","General","( KF23 ) LANCAR ABADI JAYA","LANCAR ABADI JAYA",,"SAMARINDA","KALIMANTAN",,,,"-","noemail@domain.com",,,,,,,NULL,"0","logo.png","0",NULL,"1","Default","email_footer3"
"299","3","customer","1","General","( YOSEP ) MATAHARI","YOSEP",,"SURABAYA","JAWA TIMUR",,,,"-","noemail@domain.com",,,,,,,NULL,"0","logo.png","0",NULL,"1","Default","email_footer2"
"555","3","customer","1","General","AL MUBAROK","AL MUBAROK",,"KETAPANG MADURA","JAWA TIMUR","(006)",,,"-","noemail@domain.com",,,,,,,NULL,"0","logo.png","0",NULL,"1","Default","email_footer2"
"44","3","customer","1","General","SERBA JAYA","SERBA JAYA",,"SAMARINDA","KALIMANTAN",,,,"-","noemail@domain.com",,,,,,,NULL,"0","logo.png","0",NULL,"1","Default","email_footer3"
"300","3","customer","1","General","AGUS","AGUS-PT. SUKSES ANUGERAH SEMESTA",,"KEDIRI","JAWA TIMUR",,,,"-","noemail@domain.com",,,,,,,NULL,"0","logo.png","0",NULL,"1","Default","email_footer2"
"556","3","customer","1","General","NK/ERIKSON","ERIK (NK ERIKSON)",,"TOLI TOLI","SULAWESI",,,,"-","AGUS@GMAIL.COM",,,,,,,NULL,"0","logo.png","0",NULL,"1","Default","email_footer4"
"45","3","customer","1","General","SURYA JAYA","SURYA JAYA",,"SAMARINDA","KALIMANTAN",,,,"-",,,,,,,,NULL,"0","logo.png","0",NULL,"1","Default","email_footer1"
"301","3","customer","1","General","LIMA JAYA SANTOSA","LIMA JAYA SANTOSA",,"JL. NIAGA SELATAN NO 60 SAMARINDA","KALIMANTAN",,,,"-","noemail@domain.com",,,,,,,NULL,"0","logo.png","0",NULL,"1","Default","email_footer3"
"557","3","customer","1","General","BP.HASAN SANJAYA","BP.HASAN SANJAYA",,"JL.PLOSO BOGEN 2/56, SURABAYA","JAWA TIMUR",,,,"081331190378","noemail@domain.com",,,,,,,NULL,"0","logo.png","0",NULL,"1","Default","email_footer2"
"46","3","customer","1","General","( SR ) SUMBER REJEKI","SUMBER REJEKI",,"SAMARINDA","KALIMANTAN",,,,"-","noemail@domain.com",,,,,,,NULL,"0","logo.png","0",NULL,"1","Default","email_footer3"
"558","3","customer","1","General","TOKO PUTRI JAYA","TOKO PUTRI JAYA - SAMPANG",,"SAMPANG","JAWA TIMUR","(006)",,,"0813.3016.5227 (ALI)","noemail@domain.com",,,,,,,NULL,"0","logo.png","0",NULL,"1","Default","email_footer2"
"47","3","customer","1","General","( BJRK HBA ) BENTENG JAYA","( BJRK ) BENTENG JAYA",,"SAMARINDA","KALIMANTAN",,,,"-","noemail@domain.com",,,,,,,NULL,"0","logo.png","0",NULL,"1","Default","email_footer3"
"303","3","customer","1","General","TOKO GATOT","TOKO GATOT - SAMPANG",,"SAMPANG","MADURA","(006)",,,"-","noemail@domain.com",,,,,,,NULL,"0","logo.png","0",NULL,"1","Default","email_footer2"
"559","3","customer","1","General","TOKO ARJUNA","TOKO ARJUNA",,"JL LAUHAN DESA TLOGO KANIGORO BLITAR","JAWA TIMUR","(006)",,,"-","noemail@domain.com",,,,,,,NULL,"0","logo.png","0",NULL,"1","Default","email_footer2"
"48","3","customer","1","General","( MJ  ) MANDIRI JAYA","MANDIRI JAYA",,"SAMARINDA","KALIMANTAN",,,,"-","noemail@domain.com",,,,,,,NULL,"0","logo.png","0",NULL,"1","Default","email_footer3"
"304","3","customer","1","General","HJ. SADILI","HJ. SADILI",,"PAMEKASAN","MADURA",,,,"-","noemail@domain.com",,,,,,,NULL,"0","logo.png","0",NULL,"1","Default","email_footer2"
"560","3","customer","1","General","TOKO SERBA ADA","TOKO SERBA ADA - TERNATE",,"JL.RAYA BASTIONG, DEPAN KANTOR POS, TERNATE SEL","SULAWESI",,,,"-","noemail@domain.com",,,,,,,NULL,"0","logo.png","0",NULL,"1","Default","email_footer4"
"49","3","customer","1","General","LGM","LGM",,"BALIKPAPAN","KALIMANTAN",,,,"-","noemail@domain.com",,,,,,,NULL,"0","logo.png","0",NULL,"1","Default","email_footer3"
"305","3","customer","1","General","TOKO PB","TOKO PB",,"PAMEKASAN","MADURA",,,,"-","noemail@domain.com",,,,,,,NULL,"0","logo.png","0",NULL,"1","Default","email_footer2"
"561","3","customer","1","General","LAPINDO GRABAH","LAPINDO GRABAH",,"TANGGULANGIN, SIDOARJO","JAWA TIMUR","(006)",,,"-","noemail@domain.com",,,,,,,NULL,"0","logo.png","0",NULL,"1","Default","email_footer2"
"50","3","customer","1","General","( AN )  HARAPAN MAJU","HARAPAN MAJU",,"BALIKPAPAN","KALIMANTAN",,,,"-","noemail@domain.com",,,,,,,NULL,"0","logo.png","0",NULL,"1","Default","email_footer3"
"306","3","customer","1","General","BINTANG JAYA","BINTANG JAYA-PMK",,"PAMEKASAN","MADURA",,,,"-","noemail@domain.com",,,,,,,NULL,"0","logo.png","0",NULL,"1","Default","email_footer2"
"562","3","customer","1","General","MS PRIANTO","MS PRIANTO - PAMEKASAN",,"PAMEKASAN","JAWA TIMUR","(006)",,,"-","noemail@domain.com",,,,,,,NULL,"0","logo.png","0",NULL,"1","Default","email_footer2"
"51","3","customer","1","General","HARI","HARI",,"BALIKPAPAN","KALIMANTAN",,,,"-","noemail@domain.com",,,,,,,NULL,"0","logo.png","0",NULL,"1","Default","email_footer3"
"307","3","customer","1","General","ARBAIYA","ARBAIYA",,"PAMEKASAN","MADURA","(006)",,,"-","noemail@domain.com",,,,,,,NULL,"0","logo.png","0",NULL,"1","Default","email_footer2"
"563","3","customer","1","General","CARENS","CARENS",,"KESAMBEN","BLITAR, JAWA TIMUR","(006)",,,"082141226363","noemail@domain.com",,,,,,,NULL,"0","logo.png","0",NULL,"1","Default","email_footer2"
"52","3","customer","1","General","( MM ) MAKMUR JAYA","MAKMUR JAYA",,"21 JANUARI RT 3/59 BALIKPAPAN","KALIMANTAN",,,,"-","noemail@domain.com",,,,,,,NULL,"0","logo.png","0",NULL,"1","Default","email_footer3"
"308","3","customer","1","General","TK. SAIJI","TK. SAIJI",,"BANGKALAN","MADURA",,,,"-","noemail@domain.com",,,,,,,NULL,"0","logo.png","0",NULL,"1","Default","email_footer2"
"564","3","customer","1","General","KRISTAL BARU","KRISTAL BARU",,"TOLI TOLI","SULAWESI",,,,"-","noemail@domain.com",,,,,,,NULL,"0","logo.png","0",NULL,"1","Default","email_footer4"
"53","3","customer","1","General","( KS )  KARYA SUKSES","KARYA SUKSES",,"MAKASAR","SULAWESI",,,,"-","noemail@domain.com",,,,,,,NULL,"0","logo.png","0",NULL,"1","Default","email_footer4"
"309","3","customer","1","General","BAMBANG","BAMBANG",,"JL.GROGOL KALIMER 21","SURABAYA",,,,"031-5343860","noemail@domain.com",,,,,,,NULL,"0","logo.png","0",NULL,"1","Default","email_footer2"
"565","3","customer","1","General","TOKO IZZAN","TOKO IZZAN",,"DEPAN SMA TARUNA NALA, TLOGOWARU","MALANG",,,,"081334387211","noemail@domain.com",,,,,,,NULL,"0","logo.png","0",NULL,"1","Default","email_footer2"
"54","3","customer","1","General","( DM )  SURYA ABADI","SURYA ABADI",,"MAKASAR","SULAWESI",,,,"-","noemail@domain.com",,,,,,,NULL,"0","logo.png","0",NULL,"1","Default","email_footer4"
"310","3","customer","1","General","CV. NIKIMURA","CV. NIKIMURA",,"SORONG","-",,,,"-","noemail@domain.com",,,,,,,NULL,"0","logo.png","0",NULL,"1","Default","email_footer2"
"55","3","customer","1","General","( TJ ) TIMUR JAYA","TIMUR JAYA",,"MAKASAR","SULAWESI",,,,"-","noemail@domain.com",,,,,,,NULL,"0","logo.png","0",NULL,"1","Default","email_footer4"
"56","3","customer","1","General","( ADETHP ) SUMBER MAKMUR","SUMBER MAKMUR",,"MAKASAR","SULAWESI",,,,"-","noemail@domain.com",,,,,,,NULL,"0","logo.png","0",NULL,"1","Default","email_footer4"
"568","3","customer","1","General","TK PASIPA ANANDA","TK PASIPA ANANDA",,"BAU BAU","SULAWESI","(006)",,,"-","noemail@domain.com",,,,,,,NULL,"0","logo.png","0",NULL,"1","Default","email_footer4"
"57","3","customer","1","General","CAHAYA","CAHAYA",,"MAKASAR","SULAWESI","(SALES BENNY)",,,"-","noemail@domain.com",,,,,,,NULL,"0","logo.png","0",NULL,"1","Default","email_footer4"
"569","3","customer","1","General","HAADAH BERKAH","HAADAH BERKAH ",,"WANGI WANGI","WAKATOBI, SULAWESI","(006)",,,"-","noemail@domain.com",,,,,,,NULL,"0","logo.png","0",NULL,"1","Default","email_footer4"
"58","3","customer","1","General","ASOKA","ASOKA MKSR",,"MAKASAR","SULAWESI",,,,"-","noemail@domain.com",,,,,,,NULL,"0","logo.png","0",NULL,"1","Default","email_footer4"
"314","3","customer","1","General","CV  SINAR BERLIAN","CV  SINAR BERLIAN",,"MALANG","JAWA TIMUR",,,,"-","noemail@domain.com",,,,,,,NULL,"0","logo.png","0",NULL,"1","Default","email_footer2"
"570","3","customer","1","General","JAYA AGUNG","JAYA AGUNG",,"SOLO","JAWA TENGAH",,,,"-","noemail@domain.com",,,,,,,NULL,"0","logo.png","0",NULL,"1","Default","email_footer2"
"59","3","customer","1","General","HIMALAYA","HIMALAYA",,"MAKASAR ","SULAWESI",,,,"-","noemail@domain.com",,,,,,,NULL,"0","logo.png","0",NULL,"1","Default","email_footer4"
"315","3","customer","1","General","TOKO DS","TOKO DS",,"MAKASAR","SULAWESI",,,,"-","noemail@domain.com",,,,,,,NULL,"0","logo.png","0",NULL,"1","Default","email_footer4"
"571","3","customer","1","General","TK SURYA JAYA PLASTIK","TK SURYA JAYA PLASTIK",,"PAMEKASAN","MADURA","(006)",,,"-","noemail@domain.com",,,,,,,NULL,"0","logo.png","0",NULL,"1","Default","email_footer2"
"60","3","customer","1","General","( RONALDTHP ) SURYA MAKMUR","SURYA MAKMUR",,"MAKASAR","SULAWESI",,,,"-","noemail@domain.com",,,,,,,NULL,"0","logo.png","0",NULL,"1","Default","email_footer4"
"316","3","customer","1","General","APAT","APAT (HOKKY HOUSEWARE)",,"PALU","SULAWESI",,,,"-","noemail@domain.com",,,,,,,NULL,"0","logo.png","0",NULL,"1","Default","email_footer4"
"572","3","customer","1","General","DAVID","DAVID",,,"SURABAYA",,,,"-",,,,,,,,NULL,"0","logo.png","0",NULL,"1","Default",NULL
"61","3","customer","1","General","ALFATIR","ALFATIR",,"MAKASAR","SULAWESI",,,,"-","noemail@domain.com",,,,,,,NULL,"0","logo.png","0",NULL,"1","Default","email_footer4"
"317","3","customer","1","General","RIDER ( RI)","RIDER",,"MAKASAR","SULAWESI","(SALES BENNY)",,,"-","noemail@domain.com",,,,,,,NULL,"0","logo.png","0",NULL,"1","Default","email_footer4"
"573","3","customer","1","General","ATI BANGGAI","ATI - BANGGAI",,"BANGGAI","SULAWESI","(006)",,,"-","noemail@domain.com",,,,,,,NULL,"0","logo.png","0",NULL,"1","Default","email_footer4"
"62","3","customer","1","General","OP ( OPAL INDAH )","OPAL INDAH",,"MAKASAR","SULAWESI",,,,"-","noemail@domain.com",,,,,,,NULL,"0","logo.png","0",NULL,"1","Default","email_footer1"
"318","3","customer","1","General","DAPUR MAMA","DAPUR MAMA",,"DENPASAR","BALI",,,,"-","noemail@domain.com",,,,,,,NULL,"0","logo.png","0",NULL,"1","Default","email_footer2"
"574","3","customer","1","General","ZAHRA - LUWUK","ZAHRA - LUWUK",,"LUWUK","BANGGAI, SULAWESI","(006)",,,"-","noemail@domain.com",,,,,,,NULL,"0","logo.png","0",NULL,"1","Default","email_footer4"
"63","3","customer","1","General","LS33 ( JJ )","JJ",,"MAKASAR","SULAWESI",,,,"-","noemail@domain.com",,,,,,,NULL,"0","logo.png","0",NULL,"1","Default","email_footer4"
"319","3","customer","1","General","UD MUSTIKA PLASTIK (SUKIRMAN )","UD MUSTIKA PLASTIK",,"NGANJUK","JAWA TIMUR","( SALES AGUNG )",,,"-","noemail@domain.com",,,,,,,NULL,"0","logo.png","0",NULL,"1","Default","email_footer2"
"575","3","customer","1","General","ZAHRA GROUP","ZAHRA GROUP ",,"BAU-BAU","SULAWESI","(006)",,,"-","noemail@domain.com",,,,,,,NULL,"0","logo.png","0",NULL,"1","Default","email_footer4"
"64","3","customer","1","General","( TA ) TERANG ABADI","TERANG ABADI",,"MAKASAR","SULAWESI",,,,"-","noemail@domain.com",,,,,,,NULL,"0","logo.png","0",NULL,"1","Default","email_footer4"
"320","3","customer","1","General","ROSELLA","ROSELLA",,"GORONTALO","SULAWESI","(SALES BENNY)",,,"-","noemail@domain.com",,,,,,,NULL,"0","logo.png","0",NULL,"1","Default","email_footer4"
"576","3","customer","1","General","SELLA PLASTIK JKT","SELLA PLASTIK JKT",,"-","JAKARTA",,,,"-","noemail@domain.com",,,,,,,NULL,"0","logo.png","0",NULL,"1","Default","email_footer2"
"65","3","customer","1","General","( FR )  FAJAR ARTHA","FAJAR ARTHA",,"MAKASAR","SULAWESI",,,,"-","noemail@domain.com",,,,,,,NULL,"0","logo.png","0",NULL,"1","Default","email_footer4"
"321","3","customer","1","General","SULAEMAN","SULAEMAN ( EKSPESIDI )",,"JAKARTA","JAKARTA",,,,"-","noemail@domain.com",,,,,,,NULL,"0","logo.png","0",NULL,"1","Default","email_footer2"
"66","3","customer","1","General","( CAHAYA ) RUSMAN","RUSMAN",,"MAKASAR","SULAWESI",,,,"-","noemail@domain.com",,,,,,,NULL,"0","logo.png","0",NULL,"1","Default","email_footer1"
"322","3","customer","1","General","AMIRAH /ADAM","AMIRAH /ADAM",,"BANGIL, PASURUAN","JAWA TIMUR","(006)",,,"-","noemail@domain.com",,,,,,,NULL,"0","logo.png","0",NULL,"1","Default","email_footer2"
"578","3","customer","1","General","SRN (TAUFIK JAYA)","SRN (TAUFIK JAYA)",,"TERNATE","SULAWESI","(006)",,,"-","noemail@domain.com",,,,,,,NULL,"0","logo.png","0",NULL,"1","Default","email_footer4"
"67","3","customer","1","General","( AWA )  ABADI","ABADI - MKSR",,"MAKASAR","SULAWESI",,,,"-","noemail@domain.com",,,,,,,NULL,"0","logo.png","0",NULL,"1","Default","email_footer4"
"579","3","customer","1","General","BIN DAUD","BIN DAUD",,"KETAPANG","MADURA","(006)",,,"-","noemail@domain.com",,,,,,,NULL,"0","logo.png","0",NULL,"1","Default","email_footer2"
"68","3","customer","1","General","( UM ) USAHA MAJU","USAHA MAJU",,"PALU","SULAWESI",,,,"-","noemail@domain.com",,,,,,,NULL,"0","logo.png","0",NULL,"1","Default","email_footer1"
"580","3","customer","1","General","ASW (AWP)","ASW (AWP)",,"BALIKPAPAN","KALIMANTAN",,,,"-","noemail@domain.com",,,,,,,NULL,"0","logo.png","0",NULL,"1","Default","email_footer3"
"69","3","customer","1","General","( SA ) SUMBER ABADI","SUMBER ABADI",,"PALU","SULAWESI",,,,"-","noemail@domain.com",,,,,,,NULL,"0","logo.png","0",NULL,"1","Default","email_footer4"
"325","3","customer","1","General","SITI GR","SITI GR",,"JL. JEMBER NO 74A ","GENTENG",,,,"-","noemail@domain.com",,,,,,,NULL,"0","logo.png","0",NULL,"1","Default","email_footer2"
"581","3","customer","1","General","MURIONO","MURIONO ",,"TUBAN","JAWA TIMUR",,,,"081359822136","noemail@domain.com",,,,,,,NULL,"0","logo.png","0",NULL,"1","Default","email_footer2"
"70","3","customer","1","General","HUSAINI","HUSAINI",,"PALU","SULAWESI",,,,"-","noemail@domain.com",,,,,,,NULL,"0","logo.png","0",NULL,"1","Default","email_footer4"
"326","3","customer","1","General","UB","UB",,"MANADO","SULAWESI","(SALES BENNY)",,,"-","noemail@domain.com",,,,,,,NULL,"0","logo.png","0",NULL,"1","Default","email_footer4"
"582","3","customer","1","General","KHAERUL JAYA","KHAERUL JAYA",,"BONDOWOSO","JAWA TIMUR",,,,"-","noemail@domain.com",,,,,,,NULL,"0","logo.png","0",NULL,"1","Default","email_footer2"
"327","3","customer","1","General","TK ARISTA","TK ARISTA",,"DENPASAR","DENPASAR","(004)",,,"-","noemail@domain.com",,,,,,,NULL,"0","logo.png","0",NULL,"1","Default","email_footer2"
"583","3","customer","1","General","SERBA MURAH","SERBA MURAH",,"MAKASAR","SULAWESI","(006)",,,"-","noemail@domain.com",,,,,,,NULL,"0","logo.png","0",NULL,"1","Default","email_footer4"
"72","3","customer","1","General","( ABDULLAH ) SRIJAYA","SRIJAYA",,"LUWUK","SULAWESI",,,,"-","noemail@domain.com","75000000",,,,,,NULL,"0","logo.png","0",NULL,"1","Default","email_footer4"
"328","3","customer","1","General","WAHYU","WAHYU RAMBIPUJI",,"RAMBIPUJI, JEMBER","JAWA TIMUR","( SALES AGUNG )",,,"-","noemail@domain.com",,,,,,,NULL,"0","logo.png","0",NULL,"1","Default","email_footer2"
"584","3","customer","1","General","TK SIDOMUMBUL","TK SIDOMUMBUL",,"PERTK MUTIARA DUPAK C-22, DUPAK 63 SBY","JAWA TIMUR",,,,"-","noemail@domain.com",,,,,,,NULL,"0","logo.png","0",NULL,"1","Default","email_footer2"
"73","3","customer","1","General","ADIL ( IDUL )","IDUL",,"LUWUK","SULAWESI",,,,"-","noemail@domain.com",,,,,,,NULL,"0","logo.png","0",NULL,"1","Default","email_footer4"
"329","3","customer","1","General","ABADI","ABADI ( SUMENEP )",,"SUMENEP","MADURA",,,,"-","noemail@domain.com",,,,,,,NULL,"0","logo.png","0",NULL,"1","Default","email_footer2"
"585","3","customer","1","General","(STW) RUKUN ABADI INDAH","(STW) RUKUN ABADI INDAH",,"LOMBOK","NTB",,,,"081333360745","noemail@domain.com",,,,,,,NULL,"0","logo.png","0",NULL,"1","Default","email_footer2"
"74","3","customer","1","General","TELAGA CORNER","ARMAN ( TELAGA CORNER )",,"JL.AGUS SALIM , GORONTALO","SULAWESI",,,,"-","noemail@domain.com","350000000",,,,,,NULL,"0","logo.png","0",NULL,"1","Default","email_footer4"
"330","3","customer","1","General","(MDK) HASIL MAKMUR","MDK",,"BABAT LAMONGAN","JAWA TIMUR",,,,"-","noemail@domain.com",,,,,,,NULL,"0","logo.png","0",NULL,"1","Default","email_footer2"
"586","3","customer","1","General","(BJR) BENTENG JAYA","(BJR) BENTENG JAYA",,"SAMARINDA","KALIMANTAN",,,,"-","noemail@domain.com",,,,,,,NULL,"0","logo.png","0",NULL,"1","Default","email_footer3"
"75","3","customer","1","General","( OBI )  CIPTA KARYA","CIPTA KARYA",,"GORONTALO","SULAWESI",,,,"-","noemail@domain.com",,,,,,,NULL,"0","logo.png","0",NULL,"1","Default","email_footer1"
"331","3","customer","1","General","AGUNG","AGUNG (BOJONEGORO)",,"BOJONEGORO","JAWA TIMUR","(004)",,,"-","noemail@domain.com",,,,,,,NULL,"0","logo.png","0",NULL,"1","Default","email_footer2"
"587","3","customer","1","General","IWAN PLASTIK","IWAN PLASTIK",,"SINGOSARI","JAWA TIMUR","(006)",,,"-","noemail@domain.com",,,,,,,NULL,"0","logo.png","0",NULL,"1","Default","email_footer2"
"76","3","customer","1","General","( WLM ) SEJATI","SEJATI",,"GORONTALO","SULAWESI",,,,"-","noemail@domain.com","0",,,,,,NULL,"0","logo.png","0",NULL,"1","Default","email_footer4"
"332","3","customer","1","General","ANUGRAH","ANUGRAH ( LAMONGAN )",,"LAMONGAN","JAWA TIMUR",,,,"-","noemail@domain.com",,,,,,,NULL,"0","logo.png","0",NULL,"1","Default","email_footer2"
"77","3","customer","1","General","( SHB )SINAR HARAPAN BARU","SINAR HARAPAN BARU",,"GORONTALO","SULAWESI",,,,"-","noemail@domain.com",,,,,,,NULL,"0","logo.png","0",NULL,"1","Default","email_footer4"
"333","3","customer","1","General","SABAR SUBUR","SABAR SUBUR",,"PASIRIAN JEMBER","JAWA TIMUR",,,,"-","noemail@domain.com",,,,,,,NULL,"0","logo.png","0",NULL,"1","Default","email_footer1"
"589","3","customer","1","General","ROSI PLASTIK","ROSI PLASTIK",,"JL.GAJAHMADA 44, SANDINGSARI, TULUNGREJO","PARE-KEDIRI, JATIM","(006)",,,"082139404495","noemail@domain.com",,,,,,,NULL,"0","logo.png","0",NULL,"1","Default","email_footer2"
"78","3","customer","1","General","( OK38 ) ASHOKA","ASOKA.",,"MANADO","SULAWESI",,,,"-","noemail@domain.com",,,,,,,NULL,"0","logo.png","0",NULL,"1","Default","email_footer4"
"334","3","customer","1","General","SINAR JAYA","SINAR JAYA ( DPS )",,"DENPASAR","DENPASAR",,,,"-","noemail@domain.com",,,,,,,NULL,"0","logo.png","0",NULL,"1","Default","email_footer2"
"590","3","customer","1","General","FRANGKY","FRANGKY",,"PERUM VILLA BUKIT MAS VICTORIAN R-9","SURABAYA",,,,"08113077726","noemail@domain.com",,,,,,,NULL,"0","logo.png","0",NULL,"1","Default","email_footer2"
"79","3","customer","1","General","( REGI ) BIMA JAYA","BIMA JAYA",,"MANADO","SULAWESI",,,,"-","noemail@domain.com",,,,,,,NULL,"0","logo.png","0",NULL,"1","Default","email_footer4"
"335","3","customer","1","General","RR AMBON","SAKATO JAYA ( RR AMBON )",,"AMBON","SULAWESI",,,,"-","noemail@domain.com",,,,,,,NULL,"0","logo.png","0",NULL,"1","Default","email_footer4"
"80","3","customer","1","General","OMEGA MANADO","CUN (OMEGA MANADO)",,"MANADO","SULAWESI",,,,"-","noemail@domain.com",,,,,,,NULL,"0","logo.png","0",NULL,"1","Default","email_footer4"
"336","3","customer","1","General","HARUM AMBON","TIMUR JAYA ( AMBON )",,"AMBON","SULAWESI",,,,"-","noemail@domain.com",,,,,,,NULL,"0","logo.png","0",NULL,"1","Default","email_footer4"
"592","3","customer","1","General","MAKMUR RAYA (ADESM/MR)","MAKMUR RAYA (ADESM/MR)",,"JL.MASJID RAYA 90A, MAKASAR","SULAWESI",,,,"0811467628","noemail@domain.com",,,,,,,NULL,"0","logo.png","0",NULL,"1","Default","email_footer4"
"337","3","customer","1","General","WIDJI PLASTIK","WIDJI  PLASTIK",,"PS SUMBER REJO, BOJONEGORO","JAWA TIMUR",,,,"-","noemail@domain.com",,,,,,,NULL,"0","logo.png","0",NULL,"1","Default","email_footer2"
"593","3","customer","1","General","(WEWE LULUN) INDAH JAYA","(WEWE LULUN) INDAH JAYA",,"-","SURABAYA",,,,"-","noemail@domain.com",,,,,,,NULL,"0","logo.png","0",NULL,"1","Default","email_footer2"
"82","3","customer","1","General","( FPS ) SERBA PLASTIK","SERBA PLASTIK",,"MANADO","SULAWESI",,,,"-","noemail@domain.com",,,,,,,NULL,"0","logo.png","0",NULL,"1","Default","email_footer1"
"338","3","customer","1","General","MUHAJIR","MUHAJIR",,"PS KAPAS","BOJONEGORO",,,,"-","noemail@domain.com",,,,,,,NULL,"0","logo.png","0",NULL,"1","Default","email_footer2"
"594","3","customer","1","General","LILIK ZUROIDAH","LILIK ZUROIDAH",,"GEDANGAN RT005 RW001 LAMONGAN","JAWA TIMUR",,,,"081332601206","noemail@domain.com",,,,,,,NULL,"0","logo.png","0",NULL,"1","Default","email_footer2"
"83","3","customer","1","General","(CUN) CAHAYA AGUNG","CAHAYA AGUNG",,"MANADO","SULAWESI",,,,"-","noemail@domain.com",,,,,,,NULL,"0","logo.png","0",NULL,"1","Default","email_footer4"
"339","3","customer","1","General","KOKOK","KOKOK",,"JL. SURABAYA RT 6","CEPU","( SALES AGUNG )",,,"-","noemail@domain.com",,,,,,,NULL,"0","logo.png","0",NULL,"1","Default","email_footer2"
"340","3","customer","1","General","TERANG","TERANG",,"NGAWI","JAWA TIMUR",,,,"-","noemail@domain.com",,,,,,,NULL,"0","logo.png","0",NULL,"1","Default","email_footer2"
"85","3","customer","1","General","( SJ ) SINAR JAYA","SINAR JAYA",,"MANADO","SULAWESI","(SALES BENNY)",,,"-","noemail@domain.com",,,,,,,NULL,"0","logo.png","0",NULL,"1","Default","email_footer4"
"86","3","customer","1","General","( JST ) SEMERU","SEMERU",,"TERNATE","SULAWESI",,,,"-","noemail@domain.com",,,,,,,NULL,"0","logo.png","0",NULL,"1","Default","email_footer4"
"342","3","customer","1","General","DEVI","DEVI - JOMBANG",,"JOMBANG","JAWA TIMUR",,,,"-","noemail@domain.com",,,,,,,NULL,"0","logo.png","0",NULL,"1","Default","email_footer2"
"87","3","customer","1","General","SEMANGAT","SEMANGAT",,"TERNATE","SULAWESI",,,,"-","noemail@domain.com",,,,,,,NULL,"0","logo.png","0",NULL,"1","Default","email_footer4"
"343","3","customer","1","General","SUMBER BARU","SUMBER BARU",,"JL. MAYJEND PANJAITAN 9 MADIUN","JAWA TIMUR",,,,"-","noemail@domain.com",,,,,,,NULL,"0","logo.png","0",NULL,"1","Default","email_footer2"
"88","3","customer","1","General","( ASC ) KOLONTJUTJU","KOLONTJUTJU",,"TERNATE","SULAWESI",,,,"-","noemail@domain.com",,,,,,,NULL,"0","logo.png","0",NULL,"1","Default","email_footer1"
"344","3","customer","1","General","PK TULUNGAGUNG","PK TULUNGAGUNG",,"ADI SUCIPTO 27 TULUNGAGUNG","JAWA TIMUR",,,,"-","noemail@domain.com",,,,,,,NULL,"0","logo.png","0",NULL,"1","Default","email_footer2"
"89","3","customer","1","General","IDRIS","IDRIS",,"TERNATE","SULAWESI",,,,"-","noemail@domain.com",,,,,,,NULL,"0","logo.png","0",NULL,"1","Default","email_footer4"
"345","3","customer","1","General","PIALA","PIALA",,"PASURUAN","JAWA TIMUR","(004)",,,"-","noemail@domain.com",,,,,,,NULL,"0","logo.png","0",NULL,"1","Default","email_footer2"
"90","3","customer","1","General","ROHIM","ROHIM",,"AMBON","SULAWESI",,,,"-","noemail@domain.com",,,,,,,NULL,"0","logo.png","0",NULL,"1","Default","email_footer4"
"346","3","customer","1","General","SUJI","SUJI",,"SIDOARJO","JAWA TIMUR",,,,"-","noemail@domain.com",,,,,,,NULL,"0","logo.png","0",NULL,"1","Default","email_footer2"
"91","3","customer","1","General","( DPJ )  DUA PUTRA JAYA","DUA PUTRA JAYA",,"AMBON","SULAWESI",,,,"-","noemail@domain.com","133000000",,,,,,NULL,"0","logo.png","0",NULL,"1","Default","email_footer4"
"347","3","customer","1","General","FITRIA","FITRIA",,"SURABAYA","JAWA TIMUR",,,,"-",,,,,,,,NULL,"0","logo.png","0",NULL,"1","Default",NULL
"348","3","customer","1","General","ADE","ADE - MERAUKE",,"MERAUKE","PAPUA","(SALES BENNY)",,,"-","noemail@domain.com",,,,,,,NULL,"0","logo.png","0",NULL,"1","Default","email_footer2"
"93","3","customer","1","General","( BAS ) TUNAS HARAPAN","TUNAS HARAPAN",,"AMBON","SULAWESI",,,,"-","noemail@domain.com",,,,,,,NULL,"0","logo.png","0",NULL,"1","Default","email_footer4"
"94","3","customer","1","General","ARSEL","ARSEL",,"AMBON","SULAWESI",,,,"-","noemail@domain.com",,,,,,,NULL,"0","logo.png","0",NULL,"1","Default","email_footer4"
"350","3","customer","1","General","test cust 1","test company pelanggan 1",,"-","-",,,,"38383892","noemail@domain.com",,,,,,,NULL,"0","logo.png","0",NULL,"1","Default","email_footer1"
"95","3","customer","1","General","AZIZAH","AZIZAH",,"BAU BAU","SULAWESI",,,,"-","noemail@domain.com",,,,,,,NULL,"0","logo.png","0",NULL,"1","Default","email_footer1"
"351","3","customer","1","General","SENYUM MEDIA","SENYUM MEDIA",,"SANTAWI NO 98","BONDOWOSO","( SALES AGUNG )",,,"-","noemail@domain.com",,,,,,,NULL,"0","logo.png","0",NULL,"1","Default","email_footer2"
"96","3","customer","1","General","( AGUS )  EKA SAPTA","EKA SAPTA",,"MANADO","SULAWESI",,,,"-","noemail@domain.com",,,,,,,NULL,"0","logo.png","0",NULL,"1","Default","email_footer4"
"97","3","customer","1","General","PARMAN","PARMAN",,"MAKASAR","SULAWESI",,,,"-","noemail@domain.com",,,,,,,NULL,"0","logo.png","0",NULL,"1","Default","email_footer4"
"353","3","customer","1","General","MING MING","MING MING",,"MALANG","JAWA TIMUR",,,,"-","noemail@domain.com",,,,,,,NULL,"0","logo.png","0",NULL,"1","Default","email_footer2"
"98","3","customer","1","General","DAFFA","DAFFA",,"SORONG","PAPUA",,,,"-","noemail@domain.com",,,,,,,NULL,"0","logo.png","0",NULL,"1","Default","email_footer2"
"354","3","customer","1","General","SIMBOL LESTARI ( SL )","SIMBOL LESTARI",,"PONTIANAK","KALIMANTAN",,,,"-","noemail@domain.com",,,,,,,NULL,"0","logo.png","0",NULL,"1","Default","email_footer3"
"99","3","customer","1","General","( IKE ) SHINTIKE","SHINTIKE",,"SORONG","PAPUA",,,,"-","noemail@domain.com",,,,,,,NULL,"0","logo.png","0",NULL,"1","Default","email_footer2"
"355","3","customer","1","General","TK GAJAH SIRIAH","TK GAJAH SIRIAH",,"GUNUNG AGUNG 58, NEGARA","BALI","( SALES AGUNG )",,,"-","noemail@domain.com",,,,,,,NULL,"0","logo.png","0",NULL,"1","Default","email_footer2"
"100","3","customer","1","General","( SKT ) JATIM SORONG","JATIM",,"SORONG","PAPUA",,,,"-","noemail@domain.com",,,,,,,NULL,"0","logo.png","0",NULL,"1","Default","email_footer2"
"356","3","customer","1","General","TK DIVA ( P RONI )","TK DIVA ( P RONI )",,"JL. CANGKRING 38 PROBOLINGGO","JAWA TIMUR","(004)",,,"-","noemail@domain.com",,,,,,,NULL,"0","logo.png","0",NULL,"1","Default","email_footer2"
"101","3","customer","1","General","( ESTHER ) POLORA","POLORA",,"SORONG","PAPUA",,,,"-","noemail@domain.com",,,,,,,NULL,"0","logo.png","0",NULL,"1","Default","email_footer2"
"102","3","customer","1","General","( JANNAH ) MUBAROK","MUBAROK",,"MANOKWARI","PAPUA",,,,"-","noemail@domain.com",,,,,,,NULL,"0","logo.png","0",NULL,"1","Default","email_footer1"
"358","3","customer","1","General","UD. BAGUS PUTRA","UD. BAGUS PUTRA",,"DENPASAR","BALI",,,,"-","noemail@domain.com",,,,,,,NULL,"0","logo.png","0",NULL,"1","Default","email_footer2"
"103","3","customer","1","General","( HBT ) SINAR TAUFIK","SINAR TAUFIK",,"MANOKWARI","PAPUA",,,,"-","noemail@domain.com",,,,,,,NULL,"0","logo.png","0",NULL,"1","Default","email_footer2"
"104","3","customer","1","General","( TNA ) NUR ATI","NUR ATI",,"MANOKWARI","PAPUA",,,,"-","noemail@domain.com",,,,,,,NULL,"0","logo.png","0",NULL,"1","Default","email_footer2"
"360","3","customer","1","General","SBD","SBD",,"MANADO","SULAWESI","( SALES BENNY )",,,"-","noemail@domain.com",,,,,,,NULL,"0","logo.png","0",NULL,"1","Default","email_footer4"
"105","3","customer","1","General","( TUMA ) SINAR ILHAM","SINAR ILHAM",,"MANOKWARI","PAPUA",,,,"-","noemail@domain.com",,,,,,,NULL,"0","logo.png","0",NULL,"1","Default","email_footer2"
"361","3","customer","1","General","HJ. BAKHTIAR","HJ. BAKHTIAR",,"MANOKWARI","PAPUA",,,,"-","noemail@domain.com",,,,,,,NULL,"0","logo.png","0",NULL,"1","Default","email_footer2"
"106","3","customer","1","General","( ASAHI ) LARIS JAYA","LARIS JAYA",,"-","JAYAPURA",,,,"-","noemail@domain.com",,,,,,,NULL,"0","logo.png","0",NULL,"1","Default","email_footer2"
"362","3","customer","1","General","AMP ( ALUN MEGAH PRIMA )","AMP ( ALUN MEGAH PRIMA )",,"-","SURABAYA","JAWA TIMUR",,,"-","noemail@domain.com",,,,,,,NULL,"0","logo.png","0",NULL,"1","Default","email_footer2"
"107","3","customer","1","General","(LINA) NABILA","NABILA",,"MERAUKE","PAPUA",,,,"-","noemail@domain.com",,,,,,,NULL,"0","logo.png","0",NULL,"1","Default","email_footer2"
"363","3","customer","1","General","CAHAYA DUNIA PLASTIK ( NINA)","CAHAYA DUNIA PLASTIK",,"-","JAKARTA",,,,"-","noemail@domain.com",,,,,,,NULL,"0","logo.png","0",NULL,"1","Default","email_footer2"
"108","3","customer","1","General","( AA ) PURNAMA INDAH","PURNAMA INDAH",,"MERAUKE","PAPUA",,,,"-","noemail@domain.com",,,,,,,NULL,"0","logo.png","0",NULL,"1","Default","email_footer2"
"364","3","customer","1","General","SURYA PLASTIK","SURYA PLASTIK",,"JL. MASJID 69 SRENGAT - BLITAR","JAWA TIMUR",,,,"-","noemail@domain.com",,,,,,,NULL,"0","logo.png","0",NULL,"1","Default","email_footer2"
"109","3","customer","1","General","( NP ) HIDUP BARU","HIDUP BARU",,"MERAUKE","PAPUA",,,,"-","noemail@domain.com",,,,,,,NULL,"0","logo.png","0",NULL,"1","Default","email_footer2"
"110","3","customer","1","General","BINTORO INDAH","BINTORO INDAH",,"MERAUKE","PAPUA",,,,"-","noemail@domain.com",,,,,,,NULL,"0","logo.png","0",NULL,"1","Default","email_footer2"
"111","3","customer","1","General","( ZAENAL ) RESTU BUNDA","RESTU BUNDA",,"TIMIKA","PAPUA",,,,"-","noemail@domain.com",,,,,,,NULL,"0","logo.png","0",NULL,"1","Default","email_footer2"
"367","3","customer","1","General","SINAR CEMERLANG PLASTIK (SCP)","SINAR CEMERLANG PLASTIK",,"JAKARTA",,,,,"-",,,,,,,,NULL,"0","logo.png","0",NULL,"1","Default",NULL
"112","3","customer","1","General","( SAIKURI )  ZIDAN JAYA","ZIDAN JAYA",,"TIMIKA","PAPUA",,,,"-","noemail@domain.com","0",,,,,,NULL,"0","logo.png","0",NULL,"1","Default","email_footer2"
"368","3","customer","1","General","CHI HOO","CHI HOO",,"SURABAYA","JAWA TIMUR",,,,"-",,,,,,,,NULL,"0","logo.png","0",NULL,"1","Default",NULL
"113","3","customer","1","General","( DOFIR ) MENARA JAYA","MENARA JAYA",,"TIMIKA","PAPUA",,,,"-","noemail@domain.com",,,,,,,NULL,"0","logo.png","0",NULL,"1","Default","email_footer2"
"369","3","customer","1","General","PAK MIN","PAK MIN",,"SONO AGENG, PRAMBON, NGANJUK REGENCY 085749941947","JAWA TIMUR",,,,"-","noemail@domain.com",,,,,,,NULL,"0","logo.png","0",NULL,"1","Default","email_footer2"
"114","3","customer","1","General","( KMR ) AGUNG ABADI ","AGUNG ABADI",,"-","LOMBOK",,,,"-",,,,,,,,NULL,"0","logo.png","0",NULL,"1","Default","email_footer1"
"370","3","customer","1","General","MN MANADO","MN MANADO",,"MANADO","SULAWESI",,,,"-","noemail@domain.com",,,,,,,NULL,"0","logo.png","0",NULL,"1","Default","email_footer4"
"115","3","customer","1","General","BANDUNG","BANDUNG",,"LARANTUKA","NTT",,,,"-",,,,,,,,NULL,"0","logo.png","0",NULL,"1","Default","email_footer1"
"371","3","customer","1","General","JAYA","JAYA KENDARI",,"KENDARI","SULAWESI",,,,"-","noemail@domain.com",,,,,,,NULL,"0","logo.png","0",NULL,"1","Default","email_footer4"
"116","3","customer","1","General","SANTOSO","SANTOSO",,"PANDAAN","JAWA TIMUR",,,,"-","noemail@domain.com",,,,,,,NULL,"0","logo.png","0",NULL,"1","Default","email_footer2"
"372","3","customer","1","General","BINTANG REZKI","BINTANG REZKI",,"SAMPANG","JAWA TIMUR",,,,"-","noemail@domain.com",,,,,,,NULL,"0","logo.png","0",NULL,"1","Default","email_footer2"
"117","3","customer","1","General","SUMBER DADI","SUMBER DADI",,"KEDIRI","JAWA TIMUR",,,,"-","noemail@domain.com",,,,,,,NULL,"0","logo.png","0",NULL,"1","Default","email_footer2"
"373","3","customer","1","General","INDORAYA","INDORAYA",,"PONTIANAK","KALIMANTAN",,,,"-","noemail@domain.com",,,,,,,NULL,"0","logo.png","0",NULL,"1","Default","email_footer3"
"118","3","customer","1","General","( WI ) WARINGIN INDAH","WARINGIN INDAH",,"TULUNGAGUNG","JAWA TIMUR",,,,"-","noemail@domain.com",,,,,,,NULL,"0","logo.png","0",NULL,"1","Default","email_footer2"
"374","3","customer","1","General","TOKO AULIA","TOKO AULIA",,"AMBULU JEMBER","JAWA TIMUR",,,,"-","noemail@domain.com",,,,,,,NULL,"0","logo.png","0",NULL,"1","Default","email_footer2"
"119","3","customer","1","General","CENTRAL","CENTRAL",,"TULUNGAGUNG","JAWA TIMUR",,,,"-","noemail@domain.com",,,,,,,NULL,"0","logo.png","0",NULL,"1","Default","email_footer2"
"120","3","customer","1","General","CV EBEN HAEZER","MAYASARI / CV EBEN HAEZER",,"DAMPIT -MALANG","JAWA TIMUR",,,,"-","noemail@domain.com",,,,,,,NULL,"0","logo.png","0",NULL,"1","Default","email_footer1"
"376","3","customer","1","General","JAYA RAYA","JAYA RAYA -SAMPIT",,"SAMPIT","KALIMANTAN",,,,"-","noemail@domain.com",,,,,,,NULL,"0","logo.png","0",NULL,"1","Default","email_footer3"
"121","3","customer","1","General","BERSAUDARA JAYA","BERSAUDARA JAYA",,"SUMBER PUCUNG","JAWA TIMUR",,,,"-","noemail@domain.com",,,,,,,NULL,"0","logo.png","0",NULL,"1","Default","email_footer1"
"377","3","customer","1","General","TK MULYA","TK MULYA",,"GIANYAR","BALI","(SALES AGUNG)",,,"-","noemail@domain.com",,,,,,,NULL,"0","logo.png","0",NULL,"1","Default","email_footer2"
"122","3","customer","1","General","MORODADI","MORODADI",,"BLITAR","JAWA TIMUR",,,,"-","noemail@domain.com",,,,,,,NULL,"0","logo.png","0",NULL,"1","Default","email_footer2"
"378","3","customer","1","General","FANNY JAYA STATIONERY (FJA)","FANNY JAYA STATIONERY",,"SURABAYA","JAWA TIMUR",,,,"-","noemail@domain.com",,,,,,,NULL,"0","logo.png","0",NULL,"1","Default","email_footer2"
"379","3","customer","1","General","FA JAYAPURA","FA (EMPAT SAUDARA)",,"JAYAPURA","PAPUA",,,,"-","noemail@domain.com",,,,,,,NULL,"0","logo.png","0",NULL,"1","Default","email_footer2"
"124","3","customer","1","General","CV TRISAKTI","CV TRISAKTI",,"MALANG","JAWA TIMUR",,,,"-",,,,,,,,NULL,"0","logo.png","0",NULL,"1","Default","email_footer1"
"380","3","customer","1","General","SINAR HARAPAN","SINAR HARAPAN ( MND )",,"MANADO","SULAWESI",,,,"-","noemail@domain.com",,,,,,,NULL,"0","logo.png","0",NULL,"1","Default","email_footer4"
"125","3","customer","1","General","GOGO","GOGO",,"MALANG","JAWA TIMUR",,,,"-","noemail@domain.com",,,,,,,NULL,"0","logo.png","0",NULL,"1","Default","email_footer2"
"126","3","customer","1","General","CV TIGA PILAR","CV TIGA PILAR",,"MALANG","JAWA TIMUR",,,,"-",,,,,,,,NULL,"0","logo.png","0",NULL,"1","Default","email_footer1"
"382","3","customer","1","General","IBU GRACE","IBU GRACE",,"SURABAYA","-",,,,"-","noemail@domain.com",,,,,,,NULL,"0","logo.png","0",NULL,"1","Default","email_footer2"
"127","3","customer","1","General","DAMAI SANTOSO","DAMAI SANTOSO",,"PANDAAN MALANG","JAWA TIMUR",,,,"-","noemail@domain.com",,,,,,,NULL,"0","logo.png","0",NULL,"1","Default","email_footer2"
"383","3","customer","1","General"," ( UB ) USAHA BARU","UB (PONTIANAK)/USAHA BARU",,"PONTIANAK","KALIMANTAN",,,,"-","noemail@domain.com",,,,,,,NULL,"0","logo.png","0",NULL,"1","Default","email_footer1"
"128","3","customer","1","General","PELANGI","PELANGI",,"DAMPIT-MALANG","JAWA TIMUR",,,,"-","noemail@domain.com",,,,,,,NULL,"0","logo.png","0",NULL,"1","Default","email_footer2"
"384","3","customer","1","General","SING TJONG","SING TJONG",,"SURABAYA","JAWA TIMUR",,,,"-","noemail@domain.com",,,,,,,NULL,"0","logo.png","0",NULL,"1","Default","email_footer2"
"129","3","customer","1","General","SARI PLASTIK","SARI PLASTIK",,"DUPAK GROSIR-SURABAYA","JAWA TIMUR",,,,"-","noemail@domain.com",,,,,,,NULL,"0","logo.png","0",NULL,"1","Default","email_footer2"
"385","3","customer","1","General","TOKO NISA","NISA TARAKAN",,"TARAKAN","KALIMANTAN","(006)",,,"-","noemail@domain.com",,,,,,,NULL,"0","logo.png","0",NULL,"1","Default","email_footer3"
"130","3","customer","1","General","AVIV PLASTIK","AVIV PLASTIK",,"SINGOSARI","JAWA TIMUR",,,,"-","noemail@domain.com",,,,,,,NULL,"0","logo.png","0",NULL,"1","Default","email_footer2"
"386","3","customer","1","General","SYUKUR JAYA","SYUKUR JAYA",,"SERIRIT SINGARAJA","BALI","( 004 ) ",,,"082339853233","noemail@domain.com",,,,,,,NULL,"0","logo.png","0",NULL,"1","Default","email_footer2"
"131","3","customer","1","General","SEDERHANA JAYA","SEDERHANA JAYA",,"NGORO","JAWA TIMUR",,,,"-","noemail@domain.com",,,,,,,NULL,"0","logo.png","0",NULL,"1","Default","email_footer2"
"387","3","customer","1","General","YUNIKO TJEN ( YUNI TJEN )","YUNIKO TJEN",,"PASAR LAMA SINGARAJA","BALI","( SALES DIKA ) ",,,"081236003334","noemail@domain.com",,,,,,,NULL,"0","logo.png","0",NULL,"1","Default","email_footer2"
"132","3","customer","1","General","AWANG JAYA","AWANG JAYA",,"KEPUNG","JAWA TIMUR",,,,"-","noemail@domain.com",,,,,,,NULL,"0","logo.png","0",NULL,"1","Default","email_footer2"
"133","3","customer","1","General","MATAHARI","MATAHARI",,"NGUNUT","JAWA TIMUR",,,,"-","noemail@domain.com",,,,,,,NULL,"0","logo.png","0",NULL,"1","Default","email_footer2"
"134","3","customer","1","General","GAVIN FARGO","GAVIN FARGO",,"SURABAYA","JAWA TIMUR",,,,"-",,,,,,,,NULL,"0","logo.png","0",NULL,"1","Default","email_footer1"
"391","3","customer","1","General","TOKO MELATI","TOKO MELATI",,"SINGARAJA","BALI",,,,"081289030117","noemail@domain.com",,,,,,,NULL,"0","logo.png","0",NULL,"1","Default","email_footer2"
"136","3","customer","1","General","HUDA","HUDA",,"TRENGGALEK","JAWA TIMUR",,,,"-","noemail@domain.com",,,,,,,NULL,"0","logo.png","0",NULL,"1","Default","email_footer2"
"392","3","customer","1","General","TERATAI MAS","TERATAI MAS",,"SINGARAJA","BALI","(004)",,,"087860082111","noemail@domain.com",,,,,,,NULL,"0","logo.png","0",NULL,"1","Default","email_footer2"
"137","3","customer","1","General","UNTUNG BERSAMA","UNTUNG BERSAMA",,"PASURUAN","JAWA TIMUR","(004)",,,"0811356128","noemail@domain.com",,,,,,,NULL,"0","logo.png","0",NULL,"1","Default","email_footer2"
"393","3","customer","1","General","IDOLA TAUFIK","IDOLA TAUFIK",,"KYAI HAJI WAHID HASIM, BONDOWOSO","JAWA TIMUR",,,,"-","noemail@domain.com",,,,,,,NULL,"0","logo.png","0",NULL,"1","Default","email_footer2"
"394","3","customer","1","General","TOKO LANGGENG","TOKO LANGGENG",,"DENPASAR","BALI","(004)",,,"-","noemail@domain.com",,,,,,,NULL,"0","logo.png","0",NULL,"1","Default","email_footer2"
"395","3","customer","1","General","DOFIR DENPASAR","DOFIR DENPASAR",,"DENPASAR","BALI","(004)",,,"-","noemail@domain.com",,,,,,,NULL,"0","logo.png","0",NULL,"1","Default","email_footer2"
"396","3","customer","1","General","PANEN RAYA (HSG)","PANEN RAYA",,"TOLI TOLI","SULAWESI",,,,"-","noemail@domain.com",,,,,,,NULL,"0","logo.png","0",NULL,"1","Default","email_footer4"
"142","3","customer","1","General","SURYA","SURYA (MLG)",,"MALANG","JAWA TIMUR",,,,"-","noemail@domain.com",,,,,,,NULL,"0","logo.png","0",NULL,"1","Default","email_footer2"
"398","3","customer","1","General","SINAR REJEKI","SINAR REJEKI",,"JL SEGANTING INDAH 2 NO 1X","LOMBOK, NTB",,,,"-","noemail@domain.com",,,,,,,NULL,"0","logo.png","0",NULL,"1","Default","email_footer2"
"143","3","customer","1","General","WAHYU JAYA","WAHYU JAYA",,"KEDIRI","JAWA TIMUR",,,,"-","noemail@domain.com","700000000",,,,,,NULL,"0","logo.png","0",NULL,"1","Default","email_footer2"
"144","3","customer","1","General","( KKH )  WIJAYA","WIJAYA",,"SAMPIT","KALIMANTAN",,,,"-","noemail@domain.com",,,,,,,NULL,"0","logo.png","0",NULL,"1","Default","email_footer3"
"145","3","customer","1","General","WARDI","WARDI",,"SAMPIT","KALIMANTAN",,,,"-","noemail@domain.com",,,,,,,NULL,"0","logo.png","0",NULL,"1","Default","email_footer3"
"146","3","customer","1","General","WAHANA JAYA","WAHANA JAYA",,"PONTIANAK","KALIMANTAN",,,,"-","noemail@domain.com",,,,,,,NULL,"0","logo.png","0",NULL,"1","Default","email_footer6"
"402","3","customer","1","General","AKIM","AKIM",,"PURWOREJO","JAWA TIMUR","(SALES DIKA)",,,"-","noemail@domain.com",,,,,,,NULL,"0","logo.png","0",NULL,"1","Default","email_footer2"
"147","3","customer","1","General","( AK ) MAKMUR SENTOSA","MAKMUR SENTOSA",,"PONTIANAK","KALIMANTAN",,,,"-","noemail@domain.com",,,,,,,NULL,"0","logo.png","0",NULL,"1","Default","email_footer3"
"403","3","customer","1","General","LESTARI JAYA","LESTARI JAYA - CIAMIS",,"CIAMIS","JAWA BARAT","(SALES DIKA)",,,"-","noemail@domain.com",,,,,,,NULL,"0","logo.png","0",NULL,"1","Default","email_footer2"
"148","3","customer","1","General","( SSK ) SASANGKA","SASANGKA",,"PALU","SULAWESI",,,,"-","noemail@domain.com",,,,,,,NULL,"0","logo.png","0",NULL,"1","Default","email_footer4"
"404","3","customer","1","General","TOKO NUR","TOKO NUR/ TARAKAN",,"TARAKAN","KALIMANTAN",,,,"-","noemail@domain.com",,,,,,,NULL,"0","logo.png","0",NULL,"1","Default","email_footer3"
"405","3","customer","1","General","LAJU LANCAR ","LAJU LANCAR",,"SURABAYA","JAWA TIMUR",,,,"-","noemail@domain.com",,,,,,,NULL,"0","logo.png","0",NULL,"1","Default","email_footer2"
"150","3","customer","1","General","JAYA  ( JAYA BLITAR )","JAYA BLITAR",,"BLITAR","JAWA TIMUR",,,,"-","noemail@domain.com",,,,,,,NULL,"0","logo.png","0",NULL,"1","Default","email_footer2"
"406","3","customer","1","General","TEKAT JAYA","TEKAT JAYA",,"SAMARINDA","KALIMANTAN",,,,"-","noemail@domain.com",,,,,,,NULL,"0","logo.png","0",NULL,"1","Default","email_footer3"
"151","3","customer","1","General","RESTU","RESTU MALANG",,"MALANG","JAWA TIMUR",,,,"-","noemail@domain.com",,,,,,,NULL,"0","logo.png","0",NULL,"1","Default","email_footer2"
"407","3","customer","1","General","TOKO LIM","TOKO LIM",,"JL. K.H.M. MANSYUR NO. 270 ","JAKARTA BARAT",,,,"-","noemail@domain.com",,,,,,,NULL,"0","logo.png","0",NULL,"1","Default","email_footer2"
"152","3","customer","1","General","REJO","REJO",,"BLITAR","JAWA TIMUR",,,,"-","noemail@domain.com","10000000",,,,,,NULL,"0","logo.png","0",NULL,"1","Default","email_footer2"
"408","3","customer","1","General","TIMUR JAYA","TIMUR JAYA - LABUAN BAJO",,"LABUAN BAJO","NTT","(004)",,,"-","noemail@domain.com",,,,,,,NULL,"0","logo.png","0",NULL,"1","Default","email_footer2"
"153","3","customer","1","General","( RA ) RIA ABADI","RIA ABADI",,"BANJARMASIN","KALIMANTAN",,,,"-","noemail@domain.com",,,,,,,NULL,"0","logo.png","0",NULL,"1","Default","email_footer3"
"409","3","customer","1","General","AYUB MAUMERE","AYUB MAUMERE",,"PASAR TINGKAT MAUMERE","NTT","(004)",,,"085330530533","noemail@domain.com",,,,,,,NULL,"0","logo.png","0",NULL,"1","Default","email_footer2"
"410","3","customer","1","General","AMIN RUTENG","AMIN",,"RUTENG","NTT","(004)",,,"081220888346","noemail@domain.com",,,,,,,NULL,"0","logo.png","0",NULL,"1","Default","email_footer2"
"155","3","customer","1","General","( NN )  SURYA BARU","SURYA BARU",,"BANJARMASIN","KALIMANTAN",,,,"-","noemail@domain.com",,,,,,,NULL,"0","logo.png","0",NULL,"1","Default","email_footer3"
"156","3","customer","1","General","SUROSO","SUROSO",,"KEPUNG","JAWA TIMUR",,,,"-","noemail@domain.com",,,,,,,NULL,"0","logo.png","0",NULL,"1","Default","email_footer2"
"412","3","customer","1","General","SULAIMAN","SULAIMAN",,,"JAKARTA",,,,"-",,,,,,,,NULL,"0","logo.png","0",NULL,"1","Default",NULL
"157","3","customer","1","General","( AF ) AL","AL",,"MANADO","SULAWESI",,,,"-","noemail@domain.com",,,,,,,NULL,"0","logo.png","0",NULL,"1","Default","email_footer4"
"413","3","customer","1","General","GKA SATELIT","GKA SATELIT",,"HR MUHAMMAD NO 401, SURABAYA","JAWA TIMUR",,,,"-","noemail@domain.com",,,,,,,NULL,"0","logo.png","0",NULL,"1","Default","email_footer2"
"158","3","customer","1","General","JHB ( WELLY )","ANDRE - PALU / JHB (WELLY)",,"PALU","SULAWESI",,,,"-","noemail@domain.com",,,,,,,NULL,"0","logo.png","0",NULL,"1","Default","email_footer4"
"414","3","customer","1","General","RAME","RAME JEPARA",,"JEPARA","JAWA TENGAH","(004)",,,"-","noemail@domain.com",,,,,,,NULL,"0","logo.png","0",NULL,"1","Default","email_footer2"
"159","3","customer","1","General","EDY","EDY ( PALU )",,"JL.BASUKI RAHMAT 81 ,PALU","SULAWESI",,,,"085241071129","noemail@domain.com",,,,,,,NULL,"0","logo.png","0",NULL,"1","Default","email_footer4"
"415","3","customer","1","General","JAYA INDAH","JAYA INDAH BONDOWOSO",,"BONDOWOSO","JAWA TIMUR","(004)",,,"-","noemail@domain.com",,,,,,,NULL,"0","logo.png","0",NULL,"1","Default","email_footer2"
"160","3","customer","1","General","( MJ ) MAJU JAYA","MAJU JAYA",,"PALU","SULAWESI",,,,"-","noemail@domain.com",,,,,,,NULL,"0","logo.png","0",NULL,"1","Default","email_footer4"
"161","3","customer","1","General","SANDY (JAYA KENCANA)","JAYA KENCANA ( X )",,"MANADO","SULAWESI","(SALES BENNY)",,,"-","noemail@domain.com",,,,,,,NULL,"0","logo.png","0",NULL,"1","Default","email_footer4"
"417","3","customer","1","General","SUBUR JAYA","SUBUR JAYA-ASEMBAGUS",,"ASEMBAGUS","JAWA TIMUR","(006)",,,"-","noemail@domain.com",,,,,,,NULL,"0","logo.png","0",NULL,"1","Default","email_footer2"
"162","3","customer","1","General","test cust 2","test company pelanggan 2","0123456789","-","-",,,,"123","noemail@domain.com","100000000",,,,,,NULL,"0","logo.png","0",NULL,"1","Default","email_footer4"
"163","3","customer","1","General","RICHARDO ( JAYA SENTOSA)","JAYA SENTOSA",,"LUWUK","SULAWESI",,,,"-","noemail@domain.com",,,,,,,NULL,"0","logo.png","0",NULL,"1","Default","email_footer4"
"419","3","customer","1","General","BAPAK KUBEB","BAPAK KUBEB","DS LAMPAH RT03 RW03 KEC DAMAIAN, GRESIK (PINDAH)","MERAUKE","PAPUA","(006)",,,"-","noemail@domain.com",,,,,,,NULL,"0","logo.png","0",NULL,"1","Default","email_footer2"
"420","3","customer","1","General","SANTOSO-BALONGSARI","SANTOSO-BALONGSARI",,"BALONGSARI","JAWA TIMUR","(004)",,,"082330921625","noemail@domain.com",,,,,,,NULL,"0","logo.png","0",NULL,"1","Default","email_footer2"
"165","3","customer","1","General","( MKR ) MAKMUR","MAKMUR - PONTI",,"PONTIANAK","KALIMANTAN",,,,"-","noemail@domain.com",,,,,,,NULL,"0","logo.png","0",NULL,"1","Default","email_footer3"
"421","3","customer","1","General","TOKO TIARA","TOKO TIARA",,"SONGOYUDAN NO 8, SURABAYA","JAWA TINUR","(006)",,,"-","noemail@domain.com",,,,,,,NULL,"0","logo.png","0",NULL,"1","Default","email_footer2"
"166","3","customer","1","General","( BIE )  SURYA KENCANA","SURYA KENCANA",,"MANADO","SULAWESI",,,,"-","noemail@domain.com",,,,,,,NULL,"0","logo.png","0",NULL,"1","Default","email_footer4"
"422","3","customer","1","General","MERANTI","MERANTI",,"BIMA","NTT","(004)",,,"-","noemail@domain.com",,,,,,,NULL,"0","logo.png","0",NULL,"1","Default","email_footer2"
"167","3","customer","1","General","( SON ) INTIJAYA","INTIJAYA",,"TERNATE","SULAWESI",,,,"-","noemail@domain.com",,,,,,,NULL,"0","logo.png","0",NULL,"1","Default","email_footer4"
"423","3","customer","1","General","ELS-MANOKWARI","ELS",,"MANOKWARI","PAPUA","(006)",,,"-","noemail@domain.com",,,,,,,NULL,"0","logo.png","0",NULL,"1","Default","email_footer2"
"168","3","customer","1","General","SURYA","SURYA",,"MALANG","JAWA TIMUR",,,,"-","noemail@domain.com",,,,,,,NULL,"0","logo.png","0",NULL,"1","Default","email_footer2"
"424","3","customer","1","General","SAMUDRA PLASTIK","SAMUDRA PLASTIK",,"SEGORO PURO, NGOPAK","PASURUAN, JAWA TIMUR","(006)",,,"-","noemail@domain.com",,,,,,,NULL,"0","logo.png","0",NULL,"1","Default","email_footer2"
"169","3","customer","1","General","GALAXY","GALAXY",,"-","MERAUKE","(SALES BENNY)",,,"-","noemail@domain.com",,,,,,,NULL,"0","logo.png","0",NULL,"1","Default","email_footer2"
"425","3","customer","1","General","MARHAWI","MARHAWI",,"DALAM PASAR BONDOWOSO","JAWA TIMUR","(006)",,,"082141074776","noemail@domain.com",,,,,,,NULL,"0","logo.png","0",NULL,"1","Default","email_footer2"
"426","3","customer","1","General","TK SAHABAT","TK SAHABAT",,"LUMAJANG","JAWA TIMUR","(006)",,,"-","noemail@domain.com",,,,,,,NULL,"0","logo.png","0",NULL,"1","Default","email_footer2"
"171","3","customer","1","General","MITRA JAWI","MITRA JAWI",,"PONTIANAK","KALIMANTAN",,,,"-","mitrajawi33@gmail.com",,,,,,,NULL,"0","logo.png","0",NULL,"1","Default","email_footer3"
"427","3","customer","1","General","TK KITA JAYA (JEMBER)","TK KITA JAYA",,"JL TRUNOJOYO 137 JEMBER","JAWA TIMUR","(006)",,,"082140473770","noemail@domain.com",,,,,,,NULL,"0","logo.png","0",NULL,"1","Default","email_footer2"
"172","3","customer","1","General","( ANDY ) ALOY","ALOY",,"PONTIANAK","KALIMANTAN",,,,"-","noemail@domain.com",,,,,,,NULL,"0","logo.png","0",NULL,"1","Default","email_footer3"
"428","3","customer","1","General","SUMBER LANDEP (LUMAJANG)","SUMBER LANDEP",,"PASAR BARU, LUMAJANG","JAWA TIMUR","(006)",,,"082131335842","noemail@domain.com",,,,,,,NULL,"0","logo.png","0",NULL,"1","Default","email_footer2"
"173","3","customer","1","General","NIAGA JAYA","NIAGA JAYA",,"PONTIANAK","KALIMANTAN",,,,"-","noemail@domain.com",,,,,,,NULL,"0","logo.png","0",NULL,"1","Default","email_footer3"
"429","3","customer","1","General","H. MAHMUDI","H. MAHMUDI",,"JL SUMADARSONO 72","BLORA, JAWA TENGAH","(004)",,,"082367228305","noemail@domain.com",,,,,,,NULL,"0","logo.png","0",NULL,"1","Default","email_footer2"
"430","3","customer","1","General","TOKO HANDAYANI CELL","TOKO HANDAYANI CELL",,"PASAR SUGIYO, LAMONGAN","JAWA TIMUR","(006)",,,"-","noemail@domain.com",,,,,,,NULL,"0","logo.png","0",NULL,"1","Default","email_footer2"
"431","3","customer","1","General","PAK IMAM-TUBAN","PAK IMAM",,"DESA WETAN SUMUR GUNG PALANG, TUBAN","JAWA TIMUR","(004)",,,"085655359684","noemail@domain.com",,,,,,,NULL,"0","logo.png","0",NULL,"1","Default","email_footer2"
"432","3","customer","1","General","TOKO MBAK ANA 2","TOKO IBU ANA 2",,"JL PERUMAHAN LEMBAH KOLOSURI KEC. BANGIL","JAWA TIMUR","(006)",,,"-","noemail@domain.com",,,,,,,NULL,"0","logo.png","0",NULL,"1","Default","email_footer2"
"177","3","customer","1","General","( JR )  JAYA RAYA","JAYA RAYA - BJM",,"BANJARMASIN","KALIMANTAN",,,,"-","noemail@domain.com",,,,,,,NULL,"0","logo.png","0",NULL,"1","Default","email_footer3"
"433","3","customer","1","General","UD RIO PLASTIK","UD RIO PLASTIK",,"DK KOPEN DESA KLUMPIT,  KUDUS","JAWA TENGAH","(004)",,,"0817460772","noemail@domain.com",,,,,,,NULL,"0","logo.png","0",NULL,"1","Default","email_footer2"
"434","3","customer","1","General","TK PODO RAME JEPARA","TK PODO RAME JEPARA ",,"JL KOL SUGIONO, JEPARA","JAWA TENGAH","(004)",,,"082126734684","noemail@domain.com",,,,,,,NULL,"0","logo.png","0",NULL,"1","Default","email_footer2"
"179","3","customer","1","General","MAHKOTA","MAHKOTA",,"PALU","SULAWESI",,,,"-","noemail@domain.com",,,,,,,NULL,"0","logo.png","0",NULL,"1","Default","email_footer4"
"435","3","customer","1","General","CENDRAWASIH","CENDRAWASIH",,"PROBOLINGGO","JAWA TIMUR","(006)",,,"-","noemail@domain.com",,,,,,,NULL,"0","logo.png","0",NULL,"1","Default","email_footer2"
"180","3","customer","1","General","( BTL 109 / KRG ) TUNGGAL JAYA","TUNGGAL JAYA",,"BALIKPAPAN","KALIMANTAN",,,,"-","noemail@domain.com",,,,,,,NULL,"0","logo.png","0",NULL,"1","Default","email_footer3"
"436","3","customer","1","General","PANTES SOLO ","PANTES SOLO",,"JL. RE MARTADINATA, SOLO","JAWA TENGAH","(004)",,,"087836995798","noemail@domain.com",,,,,,,NULL,"0","logo.png","0",NULL,"1","Default","email_footer2"
"181","3","customer","1","General","ERA 5000","ERA 5000",,"SAMARINDA","KALIMANTAN",,,,"-","noemail@domain.com",,,,,,,NULL,"0","logo.png","0",NULL,"1","Default","email_footer3"
"437","3","customer","1","General","SAP STAR","SAP STAR",,,"JAKARTA",,,,"-",,,,,,,,NULL,"0","logo.png","0",NULL,"1","Default",NULL
"182","3","customer","1","General","( IWAN ) MAKMUR KENCANA","MAKMUR KENCANA",,"MANADO","SULAWESI",,,,"-","noemail@domain.com",,,,,,,NULL,"0","logo.png","0",NULL,"1","Default","email_footer4"
"438","3","customer","1","General","ABENG","ABENG",,,"JAKARTA",,,,"-",,,,,,,,NULL,"0","logo.png","0",NULL,"1","Default",NULL
"439","3","customer","1","General","TOKO KRISTAL","TOKO KRISTAL",,"JL S.PARMAN TEMANGGUNG","JAWA TENGAH","(004)",,,"0816680050","noemail@domain.com",,,,,,,NULL,"0","logo.png","0",NULL,"1","Default","email_footer2"
"184","3","customer","1","General","SHANTY","SHANTY",,"TAKALAR","SULAWESI",,,,"-","noemail@domain.com",,,,,,,NULL,"0","logo.png","0",NULL,"1","Default","email_footer4"
"440","3","customer","1","General","JD","JD- BANJARMASIN",,"BANJARMASIN","KALIMANTAN",,,,"-","noemail@domain.com",,,,,,,NULL,"0","logo.png","0",NULL,"1","Default","email_footer3"
"442","3","customer","1","General","TOKO SION E","RICKY (TOKO SION E)",,"JL. GAMALAMA 147 TERNATE","SULAWESI","(004)",,,"-","noemail@domain.com",,,,,,,NULL,"0","logo.png","0",NULL,"1","Default","email_footer4"
"187","3","customer","1","General","( SENTANI ) SUMBER MAKMUR","SUMBER MAKMUR",,"JAYAPURA","-","(SALES BENNY)",,,"-","noemail@domain.com",,,,,,,NULL,"0","logo.png","0",NULL,"1","Default","email_footer2"
"443","3","customer","1","General","GAJAH MAS","GAJAH MAS",,"KOMPLEK PERTOKOAN RUKO SUMBAWA BESAR","NTB","(004)",,,"08123573900","noemail@domain.com",,,,,,,NULL,"0","logo.png","0",NULL,"1","Default","email_footer2"
"188","3","customer","1","General","MITRA","MITRA (JAYAPURA)",,"-","JAYAPURA",,,,"-","noemail@domain.com",,,,,,,NULL,"0","logo.png","0",NULL,"1","Default","email_footer2"
"444","3","customer","1","General","(LULU) MITRA","MITRA - MAUMERE",,"JL HASANUDIN 59 MAUMERE","NTT","(004)",,,"081238747579","noemail@domain.com",,,,,,,NULL,"0","logo.png","0",NULL,"1","Default","email_footer2"
"189","3","customer","1","General","( CMS )CAHAYA MAS","CMS",,"MANADO","SULAWESI",,,,"-","noemail@domain.com",,,,,,,NULL,"0","logo.png","0",NULL,"1","Default","email_footer4"
"445","3","customer","1","General","TOKO SAHABAT-RUTENG","TOKO SAHABAT -RUTENG",,"JL. HAYAM WURUK 25 RUTENG","NTT","(004)",,,"082266354195","noemail@domain.com",,,,,,,NULL,"0","logo.png","0",NULL,"1","Default","email_footer2"
"446","3","customer","1","General","ANUGERAH ( YAYA )","ANUGERAH ( YAYA )",,"JL TMP 43 MERAUKE","PAPUA",,,,"082157803500","noemail@domain.com",,,,,,,NULL,"0","logo.png","0",NULL,"1","Default","email_footer2"
"447","3","customer","1","General","YAHYA 3 UMAR ","TOKO YAHYA 3",,"JAYAPURA","PAPUA",,,,"081240859564",,,,,,,,NULL,"0","logo.png","0",NULL,"1","Default",NULL
"192","3","customer","1","General","( MTP/HBA ) MANTAP","MANTAP",,"PALU","SULAWESI",,,,"-","noemail@domain.com","270000000",,,,,,NULL,"0","logo.png","0",NULL,"1","Default","email_footer4"
"448","3","customer","1","General","TOKO SANA SINI","TOKO SANA SINI",,"JL INDUSTRI AMPENAN","LOMBOK, NTB","(004)",,,"081805747169","noemail@domain.com",,,,,,,NULL,"0","logo.png","0",NULL,"1","Default","email_footer2"
"193","3","customer","1","General","FADEL","FADEL",,"BAU BAU","SULAWESI",,,,"-","noemail@domain.com",,,,,,,NULL,"0","logo.png","0",NULL,"1","Default","email_footer4"
"449","3","customer","1","General","CV99","CV99",,"KOMPLEK TERMINAL BERTAIS ","LOMBOK, NTB",,,,"082139018974","noemail@domain.com",,,,,,,NULL,"0","logo.png","0",NULL,"1","Default","email_footer2"
"450","3","customer","1","General","NATA JAYA","NATA JAYA",,"KOMPLEK TERMINAL BERTAIS ","LOMBOK, NTB","(004)",,,"08179606020","noemail@domain.com",,,,,,,NULL,"0","logo.png","0",NULL,"1","Default","email_footer2"
"195","3","customer","1","General","( EFL ) RAMA JAYA","RAMA JAYA",,"TUAL","SLAWESI",,,,"-","noemail@domain.com",,,,,,,NULL,"0","logo.png","0",NULL,"1","Default","email_footer4"
"196","3","customer","1","General","EDY","EDY-SURABAYA",,"-","SURABAYA",,,,"-","noemail@domain.com",,,,,,,NULL,"0","logo.png","0",NULL,"1","Default","email_footer2"
"197","3","customer","1","General","( HS ) HAJI SUPARDI","HAJI SUPARDI",,"KENDARI","SULAWESI","(SALES BENNY)",,,"-","noemail@domain.com",,,,,,,NULL,"0","logo.png","0",NULL,"1","Default","email_footer4"
"454","3","customer","1","General","UD LIN","UD LIN - SUMENEP",,"SUMENEP, MADURA","JAWA TIMUR","(006)",,,"-","noemail@domain.com",,,,,,,NULL,"0","logo.png","0",NULL,"1","Default","email_footer2"
"455","3","customer","1","General","KURNIA SEJATI","KURNIA SEJATI",,"JL MOH. YAMIN, JEMBER","JAWA TIMUR","(004)",,,"+62811353810","noemail@domain.com",,,,,,,NULL,"0","logo.png","0",NULL,"1","Default","email_footer2"
"200","3","customer","1","General","( AFU/HBA )  VANESSIA","VANESSIA",,"AMBON","-",,,,"-","noemail@domain.com",,,,,,,NULL,"0","logo.png","0",NULL,"1","Default","email_footer4"
"456","3","customer","1","General","YULI PLASTIK  (ANTOK KENCONG)","YULI PLASTIK",,"JL PADOMASAN 99 JOMBANG KENCONG, JEMBER ","JAWA TIMUR","(004)",,,"082232208796","noemail@domain.com",,,,,,,NULL,"0","logo.png","0",NULL,"1","Default","email_footer2"
"201","3","customer","1","General","NANANG","NANANG",,"BARENG","JAWA TIMUR",,,,"-","noemail@domain.com",,,,,,,NULL,"0","logo.png","0",NULL,"1","Default","email_footer2"
"457","3","customer","1","General","EDY MATRAJI","EDY MATRAJI",,"PASAR BALUNG JEMBER","JAWA TIMUR","(006)",,,"+6285334398088","noemail@domain.com",,,,,,,NULL,"0","logo.png","0",NULL,"1","Default","email_footer2"
"458","3","customer","1","General","TOKO PASIFIK PEDAN","PEDAN PASIFIK",,"JL PEDAN KLATEN (KM 3 PEDAN -KARANGDOWO)","JAWA TENGAH",,,,"+6282245979800","noemail@domain.com",,,,,,,NULL,"0","logo.png","0",NULL,"1","Default","email_footer2"
"203","3","customer","1","General","KARNADIN","KARNADIN",,"AMBON","SULAWESI",,,,"-","noemail@domain.com",,,,,,,NULL,"0","logo.png","0",NULL,"1","Default","email_footer4"
"459","3","customer","1","General","RUKUN ABADI INDAH","RUKUN ABADI INDAH ",,"JL PASAR BUAH CAKRA, LOMBOK","NTB","(004)",,,"+62817367363","noemail@domain.com",,,,,,,NULL,"0","logo.png","0",NULL,"1","Default","email_footer2"
"460","3","customer","1","General","MUARA-LOMBOK","MUARA",,"KOMPLEK TERMINAL BERTAIS ","LOMBOK, NTB","(004)",,,"+62818360525","noemail@domain.com",,,,,,,NULL,"0","logo.png","0",NULL,"1","Default","email_footer2"
"205","3","customer","1","General","MAHKOTA","MAHKOTA ( P BUN )",,"PANGKALAN BUN","KALIMANTAN",,,,"-","noemail@domain.com",,,,,,,NULL,"0","logo.png","0",NULL,"1","Default","email_footer3"
"461","3","customer","1","General","SINAR AGUNG","SINAR AGUNG",,"KOMPLEK TERMINAL BERTAIS ","LOMBOK, NTB","(004)",,,"+6282340164949","noemail@domain.com",,,,,,,NULL,"0","logo.png","0",NULL,"1","Default","email_footer2"
"206","3","customer","1","General","( LJP ) LEO JAYA PLASTIK","LEO JAYA PLASTIK",,"BALIKPAPAN","KALIMANTAN",,,,"-","noemail@domain.com",,,,,,,NULL,"0","logo.png","0",NULL,"1","Default","email_footer3"
"462","3","customer","1","General","FARIDA JAYA (H. YAHMAN)","FARIDA JAYA",,"MOJOKERTO","JAWA TIMUR","(006)",,,"-","noemail@domain.com",,,,,,,NULL,"0","logo.png","0",NULL,"1","Default","email_footer2"
"463","3","customer","1","General","SYAHRUL","SYAHRUL-AMBON",,"PERTOKOAN MARDIKA, AMBON","SULAWESI",,,,"-","noemail@domain.com",,,,,,,NULL,"0","logo.png","0",NULL,"1","Default","email_footer4"
"208","3","customer","1","General","BUMI RAYA","BUMI RAYA",,"PALEMBANG","-",,,,"-","noemail@domain.com",,,,,,,NULL,"0","logo.png","0",NULL,"1","Default","email_footer2"
"209","3","customer","1","General","SARI KENCANA","SARI KENCANA",,"-","JOGJA",,,,"-","noemail@domain.com",,,,,,,NULL,"0","logo.png","0",NULL,"1","Default","email_footer2"
"465","3","customer","1","General","SAUDARA KITA","SAUDARA KITA",,"JL RAYA BENCULUK 691 ,BANYUWANGI","JAWA TIMUR","(006)",,,"-","noemail@domain.com",,,,,,,NULL,"0","logo.png","0",NULL,"1","Default","email_footer2"
"210","3","customer","1","General","( ADESM ) SUMBER MAKMUR","SUMBER MAKMUR",,"MAKASAR","SULAWESI",,,,"-","noemail@domain.com",,,,,,,NULL,"0","logo.png","0",NULL,"1","Default","email_footer4"
"466","3","customer","1","General","HBN","HBN-BAU BAU",,"BAU BAU","SULAWESI",,,,"-","noemail@domain.com",,,,,,,NULL,"0","logo.png","0",NULL,"1","Default","email_footer4"
"211","3","customer","1","General","( SBA )  SURYA BATANG ASIH","SURYA BATANG ASIH",,"MAKASAR","SULAWESI",,,,"-","noemail@domain.com",,,,,,,NULL,"0","logo.png","0",NULL,"1","Default","email_footer4"
"212","3","customer","1","General","BINTANG JAYA","BINTANG JAYA",,"PENGAMPON SQUARE A-17","SURABAYA",,,,"-","noemail@domain.com",,,,,,,NULL,"0","logo.png","0",NULL,"1","Default","email_footer2"
"468","3","customer","1","General","KARYA AGUNG (KA)","KARYA AGUNG (KA)",,"JL.CAKRA NAGARA - LOMBOK","NTT","(004)",,,"08175777168","noemail@domain.com",,,,,,,NULL,"0","logo.png","0",NULL,"1","Default","email_footer2"
"213","3","customer","1","General","PUTRA MERPATI","PUTRA MERPATI",,"BAU BAU","SULAWESI","(SALES BENNY)",,,"-","noemail@domain.com",,,,,,,NULL,"0","logo.png","0",NULL,"1","Default","email_footer4"
"469","3","customer","1","General","ALVIAN","ALVIAN",,"SURABAYA","JAWA TIMUR",,,,"-","noemail@domain.com",,,,,,,NULL,"0","logo.png","0",NULL,"1","Default","email_footer2"
"214","3","customer","1","General","( AKIN ) RIA","RIA",,"PALU","SULAWESI",,,,"-","noemail@domain.com",,,,,,,NULL,"0","logo.png","0",NULL,"1","Default","email_footer4"
"470","3","customer","1","General","MEKAR-SINGARAJA","MEKAR",,"JL DIPONEGORO 73 SINGARAJA","BALI","(004)",,,"-","noemail@domain.com",,,,,,,NULL,"0","logo.png","0",NULL,"1","Default","email_footer2"
"215","3","customer","1","General","TOKO ENAM","TOKO ENAM",,"KLATEN","JAWA TENGGAH",,,,"-","noemail@domain.com",,,,,,,NULL,"0","logo.png","0",NULL,"1","Default","email_footer2"
"471","3","customer","1","General","PAK AYEN","PAK AYEN",,"SURABAYA","JAWA TIMUR",,,,"082336094266","noemail@domain.com",,,,,,,NULL,"0","logo.png","0",NULL,"1","Default","email_footer2"
"472","3","customer","1","General","TOKO 88","TOKO 88-GIANYAR",,"JL.BY PASS DARMA GIRI 2 GIANYAR","BALI","(004)",,,"-","noemail@domain.com",,,,,,,NULL,"0","logo.png","0",NULL,"1","Default","email_footer2"
"217","3","customer","1","General","SUKSES MANDIRI","SUKSES MANDIRI",,"GORONTALO","SULAWESI",,,,"-","noemail@domain.com","25000000",,,,,,NULL,"0","logo.png","0",NULL,"1","Default","email_footer4"
"473","3","customer","1","General","DM KALABAHI","DUNIA MAS KALABAHI ALOR",,"JL.RE MARTADINATA (DKT PANTAI REKLAMASI) ALOR","NTT","0",,,"081224173408 (KO PIP","noemail@domain.com",,,,,,,NULL,"0","logo.png","0",NULL,"1","Default","email_footer2"
"218","3","customer","1","General","AKIONG","AKIONG",,"SURABAYA","-",,,,"-","noemail@domain.com",,,,,,,NULL,"0","logo.png","0",NULL,"1","Default","email_footer2"
"474","3","customer","1","General","MUDA - KLATEN","MUDA",,"KLATEN","JAWA TENGAH","(004)",,,"082115148333","noemail@domain.com",,,,,,,NULL,"0","logo.png","0",NULL,"1","Default","email_footer2"
"219","3","customer","1","General","TOKO ALI","TOKO ALI",,"BENDIL JATI KULON,SUMBER GEMPOL","TULUNGAGUNG, JAWA TIMUR",,,,"-","noemail@domain.com",,,,,,,NULL,"0","logo.png","0",NULL,"1","Default","email_footer2"
"476","3","customer","1","General","RAMAI JAYA","RAMAI JAYA",,"JL DARMA WANGSA NO 55 RAMBIPUJI JEMBER ","JAWA TIMUR","(004)",,,"-","noemail@domain.com",,,,,,,NULL,"0","logo.png","0",NULL,"1","Default","email_footer2"
"221","3","customer","1","General","( MA ) MAKMUR ABADI","MAKMUR ABADI",,"KENDARI","SULAWESI",,,,"-","noemail@domain.com",,,,,,,NULL,"0","logo.png","0",NULL,"1","Default","email_footer4"
"222","3","customer","1","General","BIMA JAYA (MRS)","BIMA JAYA (MRS )",,"MANADO","SULAWESI",,,,"-","noemail@domain.com",,,,,,,NULL,"0","logo.png","0",NULL,"1","Default","email_footer4"
"223","3","customer","1","General","ASMAN","ASMAN",,"BAU BAU","SULAWESI",,,,"-","noemail@domain.com",,,,,,,NULL,"0","logo.png","0",NULL,"1","Default","email_footer1"
"479","3","customer","1","General","SARIWANGI NEGARA","SARIWANGI NEGARA",,"KOMPLEK RUKO PASAR, NEGARA","BALI","(004)",,,"-","noemail@domain.com",,,,,,,NULL,"0","logo.png","0",NULL,"1","Default","email_footer2"
"224","3","customer","1","General","ULAN","ULAN",,"BAU BAU","SULAWESI",,,,"-","noemail@domain.com",,,,,,,NULL,"0","logo.png","0",NULL,"1","Default","email_footer4"
"480","3","customer","1","General","SUMBER MAKMUR","SUMBER MAKMUR",,"SITUBONDO","JAWA TIMUR","(004)",,,"-","noemail@domain.com",,,,,,,NULL,"0","logo.png","0",NULL,"1","Default","email_footer2"
"226","3","customer","1","General","RINI","RINI",,"TULUNGAGUNG","JAWA TIMUR",,,,"-","noemail@domain.com",,,,,,,NULL,"0","logo.png","0",NULL,"1","Default","email_footer2"
"482","3","customer","1","General","LANI","LANI",,"JL D.I PANJAITAN 24 MANADO","SULAWESI",,,,"-","noemail@domain.com",,,,,,,NULL,"0","logo.png","0",NULL,"1","Default","email_footer4"
"227","3","customer","1","General","( HK ) HARAPAN KITA","HARAPAN KITA",,"PONTIANAK","KALIMANTAN",,,,"-","noemail@domain.com",,,,,,,NULL,"0","logo.png","0",NULL,"1","Default","email_footer3"
"484","3","customer","1","General","TSA - PONTI","TSA - PONTI",,"PONTIANAK","KALIMANTAN","(004)",,,"08567812870 (KO sAND","noemail@domain.com",,,,,,,NULL,"0","logo.png","0",NULL,"1","Default","email_footer3"
"229","3","customer","1","General","PIN","PIN",,"AMBON","SULAWESI","(SALES BENNY)",,,"-","noemail@domain.com",,,,,,,NULL,"0","logo.png","0",NULL,"1","Default","email_footer4"
"485","3","customer","1","General","TOKO AGUNG - BOJONEGORO","TOKO AGUNG - BOJONEGORO",,"JL.JAKSA AGUNG SUPRAPTO NO 6, BOJONEGORO","JAWA TIMUR","(004)",,,"0353 - 882843","noemail@domain.com",,,,,,,NULL,"0","logo.png","0",NULL,"1","Default","email_footer2"
"230","3","customer","1","General","SANTANI","SANTANI",,"AMBON","-",,,,"-","noemail@domain.com",,,,,,,NULL,"0","logo.png","0",NULL,"1","Default","email_footer1"
"486","3","customer","1","General","UD. DUTA LESTARI","UD. DUTA LESTARI","ABAH WARTONO","JL.PULE HONGGOSOCO JEKULO, KUDUS","JAWA TENGAH",,,,"081325361939","noemail@domain.com",,,,,,,NULL,"0","logo.png","0",NULL,"1","Default","email_footer2"
"231","3","customer","1","General","ANTON","ANTON",,"GORONTALO","SULAWESI",,,,"-","noemail@domain.com",,,,,,,NULL,"0","logo.png","0",NULL,"1","Default","email_footer1"
"487","3","customer","1","General","UTAMA PLASTIK (BU SRI)","UTAMA PLASTIK (BU SRI)",,"JL.MAOSPATI ,RT02 RW01 NGALE KEC PARON KAB NGAWI","JAWA TIMUR",,,,"-","noemail@domain.com",,,,,,,NULL,"0","logo.png","0",NULL,"1","Default","email_footer2"
"488","3","customer","1","General","TONO - CEPU","TONO-CEPU",,"PASAR INDUK, BLKG TERMINAL CEPU","JAWA TENGAH",,,,"081328614458","noemail@domain.com",,,,,,,NULL,"0","logo.png","0",NULL,"1","Default","email_footer2"
"233","3","customer","1","General","CBP","CBP",,"PALU","SULAWESI","(SALES BENNY)",,,"-","noemail@domain.com",,,,,,,NULL,"0","logo.png","0",NULL,"1","Default","email_footer4"
"489","3","customer","1","General","PAK ANDIK","PAK ANDIK - YANTO",,"SURABAYA","JAWA TIMUR","(006)",,,"-","noemail@domain.com",,,,,,,NULL,"0","logo.png","0",NULL,"1","Default","email_footer2"
"490","3","customer","1","General","TOKO ANISA","TOKO ANISA - LUMAJANG",,"EMBONG KEMBAR 9 LUMAJANG","JAWA TIMUR",,,,"081336515777","noemail@domain.com",,,,,,,NULL,"0","logo.png","0",NULL,"1","Default","email_footer2"
"493","3","customer","1","General","PUTRI JAYA","PUTRI JAYA - SAMPANG",,"SAMPANG","JAWA TIMUR","(006)",,,"-","noemail@domain.com",,,,,,,NULL,"0","logo.png","0",NULL,"1","Default","email_footer2"
"238","3","customer","1","General","IBU MAYA","IBU MAYA",,"MARGOMULYO","SBY",,,,"-",,,,,,,,NULL,"0","logo.png","0",NULL,"1","Default","email_footer1"
"494","3","customer","1","General","TOKO BAROKAH","TOKO BAROKAH - SUMENEP",,"SUMENEP","JAWA TIMUR","(006)",,,"-","noemail@domain.com",,,,,,,NULL,"0","logo.png","0",NULL,"1","Default","email_footer2"
"239","3","customer","1","General","KARYA ABADI (BENGKEL)","KARYA ABADI (BENGKEL)",,"-","SURABAYA",,,,"-","noemail@domain.com",,,,,,,NULL,"0","logo.png","0",NULL,"1","Default","email_footer2"
"495","3","customer","1","General","JAZIRAH KETAPANG","JAZIRAH KETAPANG",,"MADURA","JAWA TIMUR","(006)",,,"081216629438","noemail@domain.com",,,,,,,NULL,"0","logo.png","0",NULL,"1","Default","email_footer2"
"240","3","customer","1","General","( BJRP/HBA )  BENTENG JAYA","BJRP (BENTENG JAYA)",,"SAMARINDA","KALIMANTAN",,,,"-","noemail@domain.com",,,,,,,NULL,"0","logo.png","0",NULL,"1","Default","email_footer3"
"241","3","customer","1","General","HERU","HERU",,"TELUNGAGUNG","JAWA TIMUR",,,,"-","noemail@domain.com",,,,,,,NULL,"0","logo.png","0",NULL,"1","Default","email_footer2"
"498","3","customer","1","General","SUNDARI","IBU SUNDARI",,"JL.MARGODADI 3/87 SURABAYA","JAWA TIMUR",,,,"085100623471","noemail@domain.com",,,,,,,NULL,"0","logo.png","0",NULL,"1","Default","email_footer2"
"243","3","customer","1","General","CV TIGA PUTRA","CV TIGA PUTRA",,"MALANG","JAWA TIMUR",,,,"-","noemail@domain.com",,,,,,,NULL,"0","logo.png","0",NULL,"1","Default","email_footer1"
"499","3","customer","1","General","ANIK SUWARNI","ANIK SUWARNI",,"MEDAYU UTARA 8-D/17 SURABAYA","JAWA TIMUR",,,,"0852177333956","noemail@domain.com",,,,,,,NULL,"0","logo.png","0",NULL,"1","Default","email_footer2"
"245","3","customer","1","General","TOSERBA 23","TOSERBA 23",,"JL.CAKALANG RUKO CAKALANG INDAH BLOK E - 23","MAKASAR",,,,"031-3523476","noemail@domain.com",,,,,,,NULL,"0","logo.png","0",NULL,"1","Default","email_footer4"
"501","3","customer","1","General","BP. ARIF","BP. ARIF",,"JL.BALONGSARI TAMA BLOK 2E NO.19  SURABAYA","JAWA TIMUR",,,,"085231555044","noemail@domain.com",,,,,,,NULL,"0","logo.png","0",NULL,"1","Default","email_footer2"
"246","3","customer","1","General","NIEKE","MAMI NIEKE",,"BHAKTI HUSADA 3/20A","SURABAYA",,,,"031-5999152","noemail@domain.com",,,,,,,NULL,"0","logo.png","0",NULL,"1","Default","email_footer2"
"247","3","customer","1","General","( VK ) ANEKA PLASTIK","ANEKA PLASTIK",,"MANADO","SULAWESI",,,,"0431-858445","noemail@domain.com",,,,,,,NULL,"0","logo.png","0",NULL,"1","Default","email_footer1"
"504","3","customer","1","General","RUDY HL","RUDY HL /HIMALAYA",,"JL. VETERAN UTARA  256 /306 HIMALAYA ,MKSR ","SULAWESI",,,,"-","noemail@domain.com",,,,,,,NULL,"0","logo.png","0",NULL,"1","Default","email_footer4"
"249","3","customer","1","General","TOKO WURI","BP.WURI HANDOYO",,"JL.KALIMANTAN NO 55 PONOROGO","JAWA TIMUR","( 004 )",,,"085225923619","noemail@domain.com",,,,,,,NULL,"0","logo.png","0",NULL,"1","Default","email_footer2"
"505","3","customer","1","General","IBU NURI","IBU NURI - KRAKSAN",,"JL.DIPONEGORO 37 SIDOMUKTI, KRAKSAN PROBOLINGGO","JAWA TIMUR",,,,"082233119388","noemail@domain.com",,,,,,,NULL,"0","logo.png","0",NULL,"1","Default","email_footer2"
"252","3","customer","1","General","ASW (VAN)","ASW (VAN)",,"BALIKPAPAN","KALIMANTAN",,,,"-","noemail@domain.com",,,,,,,NULL,"0","logo.png","0",NULL,"1","Default","email_footer3"
"509","3","customer","1","General","ERWIN","ERWIN","ANUGERAH (YAYA)","PAPUA","MERAUKE",,,,"-","noemail@domain.com",,,,,,,NULL,"0","logo.png","0",NULL,"1","Default","email_footer2"
"254","3","customer","1","General","AWENG","JAYA PERKASA",,"JAJAR TUNGGAL UTARA V BLOK I-26 ","( PERUM DARMO SENTOSA RAYA) ,SURABAYA",,,,"082143777075",,,,,,,,NULL,"0","logo.png","0",NULL,"1","Default","email_footer1"
"510","3","customer","1","General","PRATIWI KEPI","PRATIWI KEPI","ANUGERAH (YAYA)","PAPUA","MERAUKE",,,,"-","noemail@domain.com",,,,,,,NULL,"0","logo.png","0",NULL,"1","Default","email_footer2"
